mut_id,cdr,position,wt_aa,mut_aa,sequence,wt_ll,mut_ll,delta_ll,esm_score
CDR3_P98KV,CDR3,98,K,V,EVQLVESGGGLVQPGGSLRLSCAASGFTFSSYAMSWVRQAPGKGLEWVSAISGSGGSTYYADSVKGRFTISRDNSKNTLYLQMNSLRAEDTAVYYCAVDIQYGNYYYGMDYWGQGTSVTVSS,-0.34405437111854553,-0.3290378749370575,0.015016496181488037,0.015016496181488037
CDR3_P98KA,CDR3,98,K,A,EVQLVESGGGLVQPGGSLRLSCAASGFTFSSYAMSWVRQAPGKGLEWVSAISGSGGSTYYADSVKGRFTISRDNSKNTLYLQMNSLRAEDTAVYYCAADIQYGNYYYGMDYWGQGTSVTVSS,-0.34405437111854553,-0.3298942744731903,0.014160096645355225,0.014160096645355225
CDR3_P98KL,CDR3,98,K,L,EVQLVESGGGLVQPGGSLRLSCAASGFTFSSYAMSWVRQAPGKGLEWVSAISGSGGSTYYADSVKGRFTISRDNSKNTLYLQMNSLRAEDTAVYYCALDIQYGNYYYGMDYWGQGTSVTVSS,-0.34405437111854553,-0.33115947246551514,0.012894898653030396,0.012894898653030396
CDR3_P98KI,CDR3,98,K,I,EVQLVESGGGLVQPGGSLRLSCAASGFTFSSYAMSWVRQAPGKGLEWVSAISGSGGSTYYADSVKGRFTISRDNSKNTLYLQMNSLRAEDTAVYYCAIDIQYGNYYYGMDYWGQGTSVTVSS,-0.34405437111854553,-0.3318485617637634,0.012205809354782104,0.012205809354782104
CDR3_P98KP,CDR3,98,K,P,EVQLVESGGGLVQPGGSLRLSCAASGFTFSSYAMSWVRQAPGKGLEWVSAISGSGGSTYYADSVKGRFTISRDNSKNTLYLQMNSLRAEDTAVYYCAPDIQYGNYYYGMDYWGQGTSVTVSS,-0.34405437111854553,-0.3320285677909851,0.012025803327560425,0.012025803327560425
CDR3_P98KM,CDR3,98,K,M,EVQLVESGGGLVQPGGSLRLSCAASGFTFSSYAMSWVRQAPGKGLEWVSAISGSGGSTYYADSVKGRFTISRDNSKNTLYLQMNSLRAEDTAVYYCAMDIQYGNYYYGMDYWGQGTSVTVSS,-0.34405437111854553,-0.3325040936470032,0.011550277471542358,0.011550277471542358
CDR3_P98KT,CDR3,98,K,T,EVQLVESGGGLVQPGGSLRLSCAASGFTFSSYAMSWVRQAPGKGLEWVSAISGSGGSTYYADSVKGRFTISRDNSKNTLYLQMNSLRAEDTAVYYCATDIQYGNYYYGMDYWGQGTSVTVSS,-0.34405437111854553,-0.33330774307250977,0.010746628046035767,0.010746628046035767
CDR3_P98KY,CDR3,98,K,Y,EVQLVESGGGLVQPGGSLRLSCAASGFTFSSYAMSWVRQAPGKGLEWVSAISGSGGSTYYADSVKGRFTISRDNSKNTLYLQMNSLRAEDTAVYYCAYDIQYGNYYYGMDYWGQGTSVTVSS,-0.34405437111854553,-0.33360305428504944,0.010451316833496094,0.010451316833496094
CDR3_P98KF,CDR3,98,K,F,EVQLVESGGGLVQPGGSLRLSCAASGFTFSSYAMSWVRQAPGKGLEWVSAISGSGGSTYYADSVKGRFTISRDNSKNTLYLQMNSLRAEDTAVYYCAFDIQYGNYYYGMDYWGQGTSVTVSS,-0.34405437111854553,-0.33372390270233154,0.01033046841621399,0.01033046841621399
CDR3_P98KG,CDR3,98,K,G,EVQLVESGGGLVQPGGSLRLSCAASGFTFSSYAMSWVRQAPGKGLEWVSAISGSGGSTYYADSVKGRFTISRDNSKNTLYLQMNSLRAEDTAVYYCAGDIQYGNYYYGMDYWGQGTSVTVSS,-0.34405437111854553,-0.334841787815094,0.009212583303451538,0.009212583303451538
CDR3_P109MG,CDR3,109,M,G,EVQLVESGGGLVQPGGSLRLSCAASGFTFSSYAMSWVRQAPGKGLEWVSAISGSGGSTYYADSVKGRFTISRDNSKNTLYLQMNSLRAEDTAVYYCAKDIQYGNYYYGGDYWGQGTSVTVSS,-0.34405437111854553,-0.3352721035480499,0.008782267570495605,0.008782267570495605
CDR3_P109MS,CDR3,109,M,S,EVQLVESGGGLVQPGGSLRLSCAASGFTFSSYAMSWVRQAPGKGLEWVSAISGSGGSTYYADSVKGRFTISRDNSKNTLYLQMNSLRAEDTAVYYCAKDIQYGNYYYGSDYWGQGTSVTVSS,-0.34405437111854553,-0.3356316387653351,0.00842273235321045,0.00842273235321045
CDR3_P98KW,CDR3,98,K,W,EVQLVESGGGLVQPGGSLRLSCAASGFTFSSYAMSWVRQAPGKGLEWVSAISGSGGSTYYADSVKGRFTISRDNSKNTLYLQMNSLRAEDTAVYYCAWDIQYGNYYYGMDYWGQGTSVTVSS,-0.34405437111854553,-0.3361133933067322,0.007940977811813354,0.007940977811813354
CDR3_P98KS,CDR3,98,K,S,EVQLVESGGGLVQPGGSLRLSCAASGFTFSSYAMSWVRQAPGKGLEWVSAISGSGGSTYYADSVKGRFTISRDNSKNTLYLQMNSLRAEDTAVYYCASDIQYGNYYYGMDYWGQGTSVTVSS,-0.34405437111854553,-0.3363186717033386,0.007735699415206909,0.007735699415206909
CDR3_P109MP,CDR3,109,M,P,EVQLVESGGGLVQPGGSLRLSCAASGFTFSSYAMSWVRQAPGKGLEWVSAISGSGGSTYYADSVKGRFTISRDNSKNTLYLQMNSLRAEDTAVYYCAKDIQYGNYYYGPDYWGQGTSVTVSS,-0.34405437111854553,-0.3363725543022156,0.007681816816329956,0.007681816816329956
CDR3_P109MD,CDR3,109,M,D,EVQLVESGGGLVQPGGSLRLSCAASGFTFSSYAMSWVRQAPGKGLEWVSAISGSGGSTYYADSVKGRFTISRDNSKNTLYLQMNSLRAEDTAVYYCAKDIQYGNYYYGDDYWGQGTSVTVSS,-0.34405437111854553,-0.33679884672164917,0.007255524396896362,0.007255524396896362
CDR3_P109MT,CDR3,109,M,T,EVQLVESGGGLVQPGGSLRLSCAASGFTFSSYAMSWVRQAPGKGLEWVSAISGSGGSTYYADSVKGRFTISRDNSKNTLYLQMNSLRAEDTAVYYCAKDIQYGNYYYGTDYWGQGTSVTVSS,-0.34405437111854553,-0.3369452953338623,0.0071090757846832275,0.0071090757846832275
CDR3_P109MK,CDR3,109,M,K,EVQLVESGGGLVQPGGSLRLSCAASGFTFSSYAMSWVRQAPGKGLEWVSAISGSGGSTYYADSVKGRFTISRDNSKNTLYLQMNSLRAEDTAVYYCAKDIQYGNYYYGKDYWGQGTSVTVSS,-0.34405437111854553,-0.3370334208011627,0.0070209503173828125,0.0070209503173828125
CDR3_P109MY,CDR3,109,M,Y,EVQLVESGGGLVQPGGSLRLSCAASGFTFSSYAMSWVRQAPGKGLEWVSAISGSGGSTYYADSVKGRFTISRDNSKNTLYLQMNSLRAEDTAVYYCAKDIQYGNYYYGYDYWGQGTSVTVSS,-0.34405437111854553,-0.3371500074863434,0.0069043636322021484,0.0069043636322021484
CDR3_P109MN,CDR3,109,M,N,EVQLVESGGGLVQPGGSLRLSCAASGFTFSSYAMSWVRQAPGKGLEWVSAISGSGGSTYYADSVKGRFTISRDNSKNTLYLQMNSLRAEDTAVYYCAKDIQYGNYYYGNDYWGQGTSVTVSS,-0.34405437111854553,-0.3377516567707062,0.0063027143478393555,0.0063027143478393555
CDR3_P112WS,CDR3,112,W,S,EVQLVESGGGLVQPGGSLRLSCAASGFTFSSYAMSWVRQAPGKGLEWVSAISGSGGSTYYADSVKGRFTISRDNSKNTLYLQMNSLRAEDTAVYYCAKDIQYGNYYYGMDYSGQGTSVTVSS,-0.34405437111854553,-0.3378899395465851,0.006164431571960449,0.006164431571960449
CDR3_P109MA,CDR3,109,M,A,EVQLVESGGGLVQPGGSLRLSCAASGFTFSSYAMSWVRQAPGKGLEWVSAISGSGGSTYYADSVKGRFTISRDNSKNTLYLQMNSLRAEDTAVYYCAKDIQYGNYYYGADYWGQGTSVTVSS,-0.34405437111854553,-0.33792245388031006,0.006131917238235474,0.006131917238235474
CDR3_P114QG,CDR3,114,Q,G,EVQLVESGGGLVQPGGSLRLSCAASGFTFSSYAMSWVRQAPGKGLEWVSAISGSGGSTYYADSVKGRFTISRDNSKNTLYLQMNSLRAEDTAVYYCAKDIQYGNYYYGMDYWGGGTSVTVSS,-0.34405437111854553,-0.33827346563339233,0.005780905485153198,0.005780905485153198
CDR3_P98KN,CDR3,98,K,N,EVQLVESGGGLVQPGGSLRLSCAASGFTFSSYAMSWVRQAPGKGLEWVSAISGSGGSTYYADSVKGRFTISRDNSKNTLYLQMNSLRAEDTAVYYCANDIQYGNYYYGMDYWGQGTSVTVSS,-0.34405437111854553,-0.3383813798427582,0.0056729912757873535,0.0056729912757873535
CDR3_P109MR,CDR3,109,M,R,EVQLVESGGGLVQPGGSLRLSCAASGFTFSSYAMSWVRQAPGKGLEWVSAISGSGGSTYYADSVKGRFTISRDNSKNTLYLQMNSLRAEDTAVYYCAKDIQYGNYYYGRDYWGQGTSVTVSS,-0.34405437111854553,-0.3385864496231079,0.005467921495437622,0.005467921495437622
CDR3_P114QY,CDR3,114,Q,Y,EVQLVESGGGLVQPGGSLRLSCAASGFTFSSYAMSWVRQAPGKGLEWVSAISGSGGSTYYADSVKGRFTISRDNSKNTLYLQMNSLRAEDTAVYYCAKDIQYGNYYYGMDYWGYGTSVTVSS,-0.34405437111854553,-0.338645875453949,0.005408495664596558,0.005408495664596558
CDR3_P114QS,CDR3,114,Q,S,EVQLVESGGGLVQPGGSLRLSCAASGFTFSSYAMSWVRQAPGKGLEWVSAISGSGGSTYYADSVKGRFTISRDNSKNTLYLQMNSLRAEDTAVYYCAKDIQYGNYYYGMDYWGSGTSVTVSS,-0.34405437111854553,-0.33864912390708923,0.005405247211456299,0.005405247211456299
CDR3_P110DL,CDR3,110,D,L,EVQLVESGGGLVQPGGSLRLSCAASGFTFSSYAMSWVRQAPGKGLEWVSAISGSGGSTYYADSVKGRFTISRDNSKNTLYLQMNSLRAEDTAVYYCAKDIQYGNYYYGMLYWGQGTSVTVSS,-0.34405437111854553,-0.33865660429000854,0.005397766828536987,0.005397766828536987
CDR3_P98KE,CDR3,98,K,E,EVQLVESGGGLVQPGGSLRLSCAASGFTFSSYAMSWVRQAPGKGLEWVSAISGSGGSTYYADSVKGRFTISRDNSKNTLYLQMNSLRAEDTAVYYCAEDIQYGNYYYGMDYWGQGTSVTVSS,-0.34405437111854553,-0.33869290351867676,0.005361467599868774,0.005361467599868774
CDR3_P112WY,CDR3,112,W,Y,EVQLVESGGGLVQPGGSLRLSCAASGFTFSSYAMSWVRQAPGKGLEWVSAISGSGGSTYYADSVKGRFTISRDNSKNTLYLQMNSLRAEDTAVYYCAKDIQYGNYYYGMDYYGQGTSVTVSS,-0.34405437111854553,-0.3387336730957031,0.005320698022842407,0.005320698022842407
CDR3_P109ML,CDR3,109,M,L,EVQLVESGGGLVQPGGSLRLSCAASGFTFSSYAMSWVRQAPGKGLEWVSAISGSGGSTYYADSVKGRFTISRDNSKNTLYLQMNSLRAEDTAVYYCAKDIQYGNYYYGLDYWGQGTSVTVSS,-0.34405437111854553,-0.3390714228153229,0.004982948303222656,0.004982948303222656
CDR3_P109MV,CDR3,109,M,V,EVQLVESGGGLVQPGGSLRLSCAASGFTFSSYAMSWVRQAPGKGLEWVSAISGSGGSTYYADSVKGRFTISRDNSKNTLYLQMNSLRAEDTAVYYCAKDIQYGNYYYGVDYWGQGTSVTVSS,-0.34405437111854553,-0.3392873704433441,0.004767000675201416,0.004767000675201416
CDR3_P98KC,CDR3,98,K,C,EVQLVESGGGLVQPGGSLRLSCAASGFTFSSYAMSWVRQAPGKGLEWVSAISGSGGSTYYADSVKGRFTISRDNSKNTLYLQMNSLRAEDTAVYYCACDIQYGNYYYGMDYWGQGTSVTVSS,-0.34405437111854553,-0.3393353223800659,0.004719048738479614,0.004719048738479614
CDR3_P112WG,CDR3,112,W,G,EVQLVESGGGLVQPGGSLRLSCAASGFTFSSYAMSWVRQAPGKGLEWVSAISGSGGSTYYADSVKGRFTISRDNSKNTLYLQMNSLRAEDTAVYYCAKDIQYGNYYYGMDYGGQGTSVTVSS,-0.34405437111854553,-0.3393363952636719,0.004717975854873657,0.004717975854873657
CDR3_P109MQ,CDR3,109,M,Q,EVQLVESGGGLVQPGGSLRLSCAASGFTFSSYAMSWVRQAPGKGLEWVSAISGSGGSTYYADSVKGRFTISRDNSKNTLYLQMNSLRAEDTAVYYCAKDIQYGNYYYGQDYWGQGTSVTVSS,-0.34405437111854553,-0.3393622636795044,0.004692107439041138,0.004692107439041138
CDR3_P101QY,CDR3,101,Q,Y,EVQLVESGGGLVQPGGSLRLSCAASGFTFSSYAMSWVRQAPGKGLEWVSAISGSGGSTYYADSVKGRFTISRDNSKNTLYLQMNSLRAEDTAVYYCAKDIYYGNYYYGMDYWGQGTSVTVSS,-0.34405437111854553,-0.33941951394081116,0.004634857177734375,0.004634857177734375
CDR3_P109ME,CDR3,109,M,E,EVQLVESGGGLVQPGGSLRLSCAASGFTFSSYAMSWVRQAPGKGLEWVSAISGSGGSTYYADSVKGRFTISRDNSKNTLYLQMNSLRAEDTAVYYCAKDIQYGNYYYGEDYWGQGTSVTVSS,-0.34405437111854553,-0.3394663333892822,0.004588037729263306,0.004588037729263306
CDR3_P101QV,CDR3,101,Q,V,EVQLVESGGGLVQPGGSLRLSCAASGFTFSSYAMSWVRQAPGKGLEWVSAISGSGGSTYYADSVKGRFTISRDNSKNTLYLQMNSLRAEDTAVYYCAKDIVYGNYYYGMDYWGQGTSVTVSS,-0.34405437111854553,-0.33947238326072693,0.0045819878578186035,0.0045819878578186035
CDR3_P110DV,CDR3,110,D,V,EVQLVESGGGLVQPGGSLRLSCAASGFTFSSYAMSWVRQAPGKGLEWVSAISGSGGSTYYADSVKGRFTISRDNSKNTLYLQMNSLRAEDTAVYYCAKDIQYGNYYYGMVYWGQGTSVTVSS,-0.34405437111854553,-0.339503675699234,0.0045506954193115234,0.0045506954193115234
CDR3_P97AG,CDR3,97,A,G,EVQLVESGGGLVQPGGSLRLSCAASGFTFSSYAMSWVRQAPGKGLEWVSAISGSGGSTYYADSVKGRFTISRDNSKNTLYLQMNSLRAEDTAVYYCGKDIQYGNYYYGMDYWGQGTSVTVSS,-0.34405437111854553,-0.33952322602272034,0.004531145095825195,0.004531145095825195
CDR3_P114QA,CDR3,114,Q,A,EVQLVESGGGLVQPGGSLRLSCAASGFTFSSYAMSWVRQAPGKGLEWVSAISGSGGSTYYADSVKGRFTISRDNSKNTLYLQMNSLRAEDTAVYYCAKDIQYGNYYYGMDYWGAGTSVTVSS,-0.34405437111854553,-0.33969414234161377,0.004360228776931763,0.004360228776931763
CDR3_P101QL,CDR3,101,Q,L,EVQLVESGGGLVQPGGSLRLSCAASGFTFSSYAMSWVRQAPGKGLEWVSAISGSGGSTYYADSVKGRFTISRDNSKNTLYLQMNSLRAEDTAVYYCAKDILYGNYYYGMDYWGQGTSVTVSS,-0.34405437111854553,-0.3397331237792969,0.004321247339248657,0.004321247339248657
CDR3_P109MW,CDR3,109,M,W,EVQLVESGGGLVQPGGSLRLSCAASGFTFSSYAMSWVRQAPGKGLEWVSAISGSGGSTYYADSVKGRFTISRDNSKNTLYLQMNSLRAEDTAVYYCAKDIQYGNYYYGWDYWGQGTSVTVSS,-0.34405437111854553,-0.3397411108016968,0.004313260316848755,0.004313260316848755
CDR3_P101QT,CDR3,101,Q,T,EVQLVESGGGLVQPGGSLRLSCAASGFTFSSYAMSWVRQAPGKGLEWVSAISGSGGSTYYADSVKGRFTISRDNSKNTLYLQMNSLRAEDTAVYYCAKDITYGNYYYGMDYWGQGTSVTVSS,-0.34405437111854553,-0.33989864587783813,0.0041557252407073975,0.0041557252407073975
CDR3_P113GV,CDR3,113,G,V,EVQLVESGGGLVQPGGSLRLSCAASGFTFSSYAMSWVRQAPGKGLEWVSAISGSGGSTYYADSVKGRFTISRDNSKNTLYLQMNSLRAEDTAVYYCAKDIQYGNYYYGMDYWVQGTSVTVSS,-0.34405437111854553,-0.3399670124053955,0.004087358713150024,0.004087358713150024
CDR3_P101QS,CDR3,101,Q,S,EVQLVESGGGLVQPGGSLRLSCAASGFTFSSYAMSWVRQAPGKGLEWVSAISGSGGSTYYADSVKGRFTISRDNSKNTLYLQMNSLRAEDTAVYYCAKDISYGNYYYGMDYWGQGTSVTVSS,-0.34405437111854553,-0.34006592631340027,0.003988444805145264,0.003988444805145264
CDR3_P101QI,CDR3,101,Q,I,EVQLVESGGGLVQPGGSLRLSCAASGFTFSSYAMSWVRQAPGKGLEWVSAISGSGGSTYYADSVKGRFTISRDNSKNTLYLQMNSLRAEDTAVYYCAKDIIYGNYYYGMDYWGQGTSVTVSS,-0.34405437111854553,-0.3402276635169983,0.003826707601547241,0.003826707601547241
CDR3_P114QT,CDR3,114,Q,T,EVQLVESGGGLVQPGGSLRLSCAASGFTFSSYAMSWVRQAPGKGLEWVSAISGSGGSTYYADSVKGRFTISRDNSKNTLYLQMNSLRAEDTAVYYCAKDIQYGNYYYGMDYWGTGTSVTVSS,-0.34405437111854553,-0.3404723107814789,0.0035820603370666504,0.0035820603370666504
CDR3_P98KR,CDR3,98,K,R,EVQLVESGGGLVQPGGSLRLSCAASGFTFSSYAMSWVRQAPGKGLEWVSAISGSGGSTYYADSVKGRFTISRDNSKNTLYLQMNSLRAEDTAVYYCARDIQYGNYYYGMDYWGQGTSVTVSS,-0.34405437111854553,-0.340703547000885,0.0033508241176605225,0.0033508241176605225
CDR3_P114QN,CDR3,114,Q,N,EVQLVESGGGLVQPGGSLRLSCAASGFTFSSYAMSWVRQAPGKGLEWVSAISGSGGSTYYADSVKGRFTISRDNSKNTLYLQMNSLRAEDTAVYYCAKDIQYGNYYYGMDYWGNGTSVTVSS,-0.34405437111854553,-0.34071263670921326,0.0033417344093322754,0.0033417344093322754
CDR3_P114QP,CDR3,114,Q,P,EVQLVESGGGLVQPGGSLRLSCAASGFTFSSYAMSWVRQAPGKGLEWVSAISGSGGSTYYADSVKGRFTISRDNSKNTLYLQMNSLRAEDTAVYYCAKDIQYGNYYYGMDYWGPGTSVTVSS,-0.34405437111854553,-0.34083738923072815,0.003216981887817383,0.003216981887817383
CDR3_P112WA,CDR3,112,W,A,EVQLVESGGGLVQPGGSLRLSCAASGFTFSSYAMSWVRQAPGKGLEWVSAISGSGGSTYYADSVKGRFTISRDNSKNTLYLQMNSLRAEDTAVYYCAKDIQYGNYYYGMDYAGQGTSVTVSS,-0.34405437111854553,-0.3408595621585846,0.0031948089599609375,0.0031948089599609375
CDR3_P98KQ,CDR3,98,K,Q,EVQLVESGGGLVQPGGSLRLSCAASGFTFSSYAMSWVRQAPGKGLEWVSAISGSGGSTYYADSVKGRFTISRDNSKNTLYLQMNSLRAEDTAVYYCAQDIQYGNYYYGMDYWGQGTSVTVSS,-0.34405437111854553,-0.34097445011138916,0.003079921007156372,0.003079921007156372
CDR3_P101QF,CDR3,101,Q,F,EVQLVESGGGLVQPGGSLRLSCAASGFTFSSYAMSWVRQAPGKGLEWVSAISGSGGSTYYADSVKGRFTISRDNSKNTLYLQMNSLRAEDTAVYYCAKDIFYGNYYYGMDYWGQGTSVTVSS,-0.34405437111854553,-0.34101149439811707,0.003042876720428467,0.003042876720428467
CDR3_P100IG,CDR3,100,I,G,EVQLVESGGGLVQPGGSLRLSCAASGFTFSSYAMSWVRQAPGKGLEWVSAISGSGGSTYYADSVKGRFTISRDNSKNTLYLQMNSLRAEDTAVYYCAKDGQYGNYYYGMDYWGQGTSVTVSS,-0.34405437111854553,-0.34127527475357056,0.0027790963649749756,0.0027790963649749756
CDR3_P109MF,CDR3,109,M,F,EVQLVESGGGLVQPGGSLRLSCAASGFTFSSYAMSWVRQAPGKGLEWVSAISGSGGSTYYADSVKGRFTISRDNSKNTLYLQMNSLRAEDTAVYYCAKDIQYGNYYYGFDYWGQGTSVTVSS,-0.34405437111854553,-0.3413020968437195,0.00275227427482605,0.00275227427482605
CDR3_P114QK,CDR3,114,Q,K,EVQLVESGGGLVQPGGSLRLSCAASGFTFSSYAMSWVRQAPGKGLEWVSAISGSGGSTYYADSVKGRFTISRDNSKNTLYLQMNSLRAEDTAVYYCAKDIQYGNYYYGMDYWGKGTSVTVSS,-0.34405437111854553,-0.34134989976882935,0.0027044713497161865,0.0027044713497161865
CDR3_P112WT,CDR3,112,W,T,EVQLVESGGGLVQPGGSLRLSCAASGFTFSSYAMSWVRQAPGKGLEWVSAISGSGGSTYYADSVKGRFTISRDNSKNTLYLQMNSLRAEDTAVYYCAKDIQYGNYYYGMDYTGQGTSVTVSS,-0.34405437111854553,-0.3414037227630615,0.002650648355484009,0.002650648355484009
CDR3_P112WR,CDR3,112,W,R,EVQLVESGGGLVQPGGSLRLSCAASGFTFSSYAMSWVRQAPGKGLEWVSAISGSGGSTYYADSVKGRFTISRDNSKNTLYLQMNSLRAEDTAVYYCAKDIQYGNYYYGMDYRGQGTSVTVSS,-0.34405437111854553,-0.3416743576526642,0.0023800134658813477,0.0023800134658813477
CDR3_P104NY,CDR3,104,N,Y,EVQLVESGGGLVQPGGSLRLSCAASGFTFSSYAMSWVRQAPGKGLEWVSAISGSGGSTYYADSVKGRFTISRDNSKNTLYLQMNSLRAEDTAVYYCAKDIQYGYYYYGMDYWGQGTSVTVSS,-0.34405437111854553,-0.34176507592201233,0.002289295196533203,0.002289295196533203
CDR3_P113GI,CDR3,113,G,I,EVQLVESGGGLVQPGGSLRLSCAASGFTFSSYAMSWVRQAPGKGLEWVSAISGSGGSTYYADSVKGRFTISRDNSKNTLYLQMNSLRAEDTAVYYCAKDIQYGNYYYGMDYWIQGTSVTVSS,-0.34405437111854553,-0.3418293297290802,0.002225041389465332,0.002225041389465332
CDR3_P110DY,CDR3,110,D,Y,EVQLVESGGGLVQPGGSLRLSCAASGFTFSSYAMSWVRQAPGKGLEWVSAISGSGGSTYYADSVKGRFTISRDNSKNTLYLQMNSLRAEDTAVYYCAKDIQYGNYYYGMYYWGQGTSVTVSS,-0.34405437111854553,-0.3418603539466858,0.002194017171859741,0.002194017171859741
CDR3_P113GL,CDR3,113,G,L,EVQLVESGGGLVQPGGSLRLSCAASGFTFSSYAMSWVRQAPGKGLEWVSAISGSGGSTYYADSVKGRFTISRDNSKNTLYLQMNSLRAEDTAVYYCAKDIQYGNYYYGMDYWLQGTSVTVSS,-0.34405437111854553,-0.3418896198272705,0.0021647512912750244,0.0021647512912750244
CDR3_P102YS,CDR3,102,Y,S,EVQLVESGGGLVQPGGSLRLSCAASGFTFSSYAMSWVRQAPGKGLEWVSAISGSGGSTYYADSVKGRFTISRDNSKNTLYLQMNSLRAEDTAVYYCAKDIQSGNYYYGMDYWGQGTSVTVSS,-0.34405437111854553,-0.342058926820755,0.0019954442977905273,0.0019954442977905273
CDR3_P110DP,CDR3,110,D,P,EVQLVESGGGLVQPGGSLRLSCAASGFTFSSYAMSWVRQAPGKGLEWVSAISGSGGSTYYADSVKGRFTISRDNSKNTLYLQMNSLRAEDTAVYYCAKDIQYGNYYYGMPYWGQGTSVTVSS,-0.34405437111854553,-0.34207016229629517,0.001984208822250366,0.001984208822250366
CDR3_P110DG,CDR3,110,D,G,EVQLVESGGGLVQPGGSLRLSCAASGFTFSSYAMSWVRQAPGKGLEWVSAISGSGGSTYYADSVKGRFTISRDNSKNTLYLQMNSLRAEDTAVYYCAKDIQYGNYYYGMGYWGQGTSVTVSS,-0.34405437111854553,-0.3421345353126526,0.0019198358058929443,0.0019198358058929443
CDR3_P102YG,CDR3,102,Y,G,EVQLVESGGGLVQPGGSLRLSCAASGFTFSSYAMSWVRQAPGKGLEWVSAISGSGGSTYYADSVKGRFTISRDNSKNTLYLQMNSLRAEDTAVYYCAKDIQGGNYYYGMDYWGQGTSVTVSS,-0.34405437111854553,-0.3421422243118286,0.001912146806716919,0.001912146806716919
CDR3_P112WK,CDR3,112,W,K,EVQLVESGGGLVQPGGSLRLSCAASGFTFSSYAMSWVRQAPGKGLEWVSAISGSGGSTYYADSVKGRFTISRDNSKNTLYLQMNSLRAEDTAVYYCAKDIQYGNYYYGMDYKGQGTSVTVSS,-0.34405437111854553,-0.3421761989593506,0.0018781721591949463,0.0018781721591949463
CDR3_P104NS,CDR3,104,N,S,EVQLVESGGGLVQPGGSLRLSCAASGFTFSSYAMSWVRQAPGKGLEWVSAISGSGGSTYYADSVKGRFTISRDNSKNTLYLQMNSLRAEDTAVYYCAKDIQYGSYYYGMDYWGQGTSVTVSS,-0.34405437111854553,-0.34221893548965454,0.0018354356288909912,0.0018354356288909912
CDR3_P112WN,CDR3,112,W,N,EVQLVESGGGLVQPGGSLRLSCAASGFTFSSYAMSWVRQAPGKGLEWVSAISGSGGSTYYADSVKGRFTISRDNSKNTLYLQMNSLRAEDTAVYYCAKDIQYGNYYYGMDYNGQGTSVTVSS,-0.34405437111854553,-0.3422524333000183,0.0018019378185272217,0.0018019378185272217
CDR3_P114QR,CDR3,114,Q,R,EVQLVESGGGLVQPGGSLRLSCAASGFTFSSYAMSWVRQAPGKGLEWVSAISGSGGSTYYADSVKGRFTISRDNSKNTLYLQMNSLRAEDTAVYYCAKDIQYGNYYYGMDYWGRGTSVTVSS,-0.34405437111854553,-0.3423670828342438,0.0016872882843017578,0.0016872882843017578
CDR3_P103GP,CDR3,103,G,P,EVQLVESGGGLVQPGGSLRLSCAASGFTFSSYAMSWVRQAPGKGLEWVSAISGSGGSTYYADSVKGRFTISRDNSKNTLYLQMNSLRAEDTAVYYCAKDIQYPNYYYGMDYWGQGTSVTVSS,-0.34405437111854553,-0.3424120843410492,0.0016422867774963379,0.0016422867774963379
CDR3_P99DG,CDR3,99,D,G,EVQLVESGGGLVQPGGSLRLSCAASGFTFSSYAMSWVRQAPGKGLEWVSAISGSGGSTYYADSVKGRFTISRDNSKNTLYLQMNSLRAEDTAVYYCAKGIQYGNYYYGMDYWGQGTSVTVSS,-0.34405437111854553,-0.34248000383377075,0.0015743672847747803,0.0015743672847747803
CDR3_P104NT,CDR3,104,N,T,EVQLVESGGGLVQPGGSLRLSCAASGFTFSSYAMSWVRQAPGKGLEWVSAISGSGGSTYYADSVKGRFTISRDNSKNTLYLQMNSLRAEDTAVYYCAKDIQYGTYYYGMDYWGQGTSVTVSS,-0.34405437111854553,-0.3425101637840271,0.0015442073345184326,0.0015442073345184326
CDR3_P100IP,CDR3,100,I,P,EVQLVESGGGLVQPGGSLRLSCAASGFTFSSYAMSWVRQAPGKGLEWVSAISGSGGSTYYADSVKGRFTISRDNSKNTLYLQMNSLRAEDTAVYYCAKDPQYGNYYYGMDYWGQGTSVTVSS,-0.34405437111854553,-0.34256619215011597,0.0014881789684295654,0.0014881789684295654
CDR3_P102YP,CDR3,102,Y,P,EVQLVESGGGLVQPGGSLRLSCAASGFTFSSYAMSWVRQAPGKGLEWVSAISGSGGSTYYADSVKGRFTISRDNSKNTLYLQMNSLRAEDTAVYYCAKDIQPGNYYYGMDYWGQGTSVTVSS,-0.34405437111854553,-0.3426041305065155,0.0014502406120300293,0.0014502406120300293
CDR3_P114QD,CDR3,114,Q,D,EVQLVESGGGLVQPGGSLRLSCAASGFTFSSYAMSWVRQAPGKGLEWVSAISGSGGSTYYADSVKGRFTISRDNSKNTLYLQMNSLRAEDTAVYYCAKDIQYGNYYYGMDYWGDGTSVTVSS,-0.34405437111854553,-0.3426377475261688,0.001416623592376709,0.001416623592376709
CDR3_P100IS,CDR3,100,I,S,EVQLVESGGGLVQPGGSLRLSCAASGFTFSSYAMSWVRQAPGKGLEWVSAISGSGGSTYYADSVKGRFTISRDNSKNTLYLQMNSLRAEDTAVYYCAKDSQYGNYYYGMDYWGQGTSVTVSS,-0.34405437111854553,-0.3426704406738281,0.0013839304447174072,0.0013839304447174072
CDR3_P101QA,CDR3,101,Q,A,EVQLVESGGGLVQPGGSLRLSCAASGFTFSSYAMSWVRQAPGKGLEWVSAISGSGGSTYYADSVKGRFTISRDNSKNTLYLQMNSLRAEDTAVYYCAKDIAYGNYYYGMDYWGQGTSVTVSS,-0.34405437111854553,-0.3426836431026459,0.0013707280158996582,0.0013707280158996582
CDR3_P103GS,CDR3,103,G,S,EVQLVESGGGLVQPGGSLRLSCAASGFTFSSYAMSWVRQAPGKGLEWVSAISGSGGSTYYADSVKGRFTISRDNSKNTLYLQMNSLRAEDTAVYYCAKDIQYSNYYYGMDYWGQGTSVTVSS,-0.34405437111854553,-0.3427019715309143,0.0013523995876312256,0.0013523995876312256
CDR3_P109MI,CDR3,109,M,I,EVQLVESGGGLVQPGGSLRLSCAASGFTFSSYAMSWVRQAPGKGLEWVSAISGSGGSTYYADSVKGRFTISRDNSKNTLYLQMNSLRAEDTAVYYCAKDIQYGNYYYGIDYWGQGTSVTVSS,-0.34405437111854553,-0.34278371930122375,0.0012706518173217773,0.0012706518173217773
CDR3_P110DS,CDR3,110,D,S,EVQLVESGGGLVQPGGSLRLSCAASGFTFSSYAMSWVRQAPGKGLEWVSAISGSGGSTYYADSVKGRFTISRDNSKNTLYLQMNSLRAEDTAVYYCAKDIQYGNYYYGMSYWGQGTSVTVSS,-0.34405437111854553,-0.34286436438560486,0.0011900067329406738,0.0011900067329406738
CDR3_P115GV,CDR3,115,G,V,EVQLVESGGGLVQPGGSLRLSCAASGFTFSSYAMSWVRQAPGKGLEWVSAISGSGGSTYYADSVKGRFTISRDNSKNTLYLQMNSLRAEDTAVYYCAKDIQYGNYYYGMDYWGQVTSVTVSS,-0.34405437111854553,-0.34287139773368835,0.0011829733848571777,0.0011829733848571777
CDR3_P101QG,CDR3,101,Q,G,EVQLVESGGGLVQPGGSLRLSCAASGFTFSSYAMSWVRQAPGKGLEWVSAISGSGGSTYYADSVKGRFTISRDNSKNTLYLQMNSLRAEDTAVYYCAKDIGYGNYYYGMDYWGQGTSVTVSS,-0.34405437111854553,-0.3429613411426544,0.0010930299758911133,0.0010930299758911133
CDR3_P104NG,CDR3,104,N,G,EVQLVESGGGLVQPGGSLRLSCAASGFTFSSYAMSWVRQAPGKGLEWVSAISGSGGSTYYADSVKGRFTISRDNSKNTLYLQMNSLRAEDTAVYYCAKDIQYGGYYYGMDYWGQGTSVTVSS,-0.34405437111854553,-0.3430604040622711,0.000993967056274414,0.000993967056274414
CDR3_P101QR,CDR3,101,Q,R,EVQLVESGGGLVQPGGSLRLSCAASGFTFSSYAMSWVRQAPGKGLEWVSAISGSGGSTYYADSVKGRFTISRDNSKNTLYLQMNSLRAEDTAVYYCAKDIRYGNYYYGMDYWGQGTSVTVSS,-0.34405437111854553,-0.34309446811676025,0.0009599030017852783,0.0009599030017852783
CDR3_P110DK,CDR3,110,D,K,EVQLVESGGGLVQPGGSLRLSCAASGFTFSSYAMSWVRQAPGKGLEWVSAISGSGGSTYYADSVKGRFTISRDNSKNTLYLQMNSLRAEDTAVYYCAKDIQYGNYYYGMKYWGQGTSVTVSS,-0.34405437111854553,-0.34313660860061646,0.0009177625179290771,0.0009177625179290771
CDR3_P110DI,CDR3,110,D,I,EVQLVESGGGLVQPGGSLRLSCAASGFTFSSYAMSWVRQAPGKGLEWVSAISGSGGSTYYADSVKGRFTISRDNSKNTLYLQMNSLRAEDTAVYYCAKDIQYGNYYYGMIYWGQGTSVTVSS,-0.34405437111854553,-0.343165785074234,0.0008885860443115234,0.0008885860443115234
CDR3_P110DA,CDR3,110,D,A,EVQLVESGGGLVQPGGSLRLSCAASGFTFSSYAMSWVRQAPGKGLEWVSAISGSGGSTYYADSVKGRFTISRDNSKNTLYLQMNSLRAEDTAVYYCAKDIQYGNYYYGMAYWGQGTSVTVSS,-0.34405437111854553,-0.3431868255138397,0.0008675456047058105,0.0008675456047058105
CDR3_P114QE,CDR3,114,Q,E,EVQLVESGGGLVQPGGSLRLSCAASGFTFSSYAMSWVRQAPGKGLEWVSAISGSGGSTYYADSVKGRFTISRDNSKNTLYLQMNSLRAEDTAVYYCAKDIQYGNYYYGMDYWGEGTSVTVSS,-0.34405437111854553,-0.3432198166847229,0.0008345544338226318,0.0008345544338226318
CDR3_P114QV,CDR3,114,Q,V,EVQLVESGGGLVQPGGSLRLSCAASGFTFSSYAMSWVRQAPGKGLEWVSAISGSGGSTYYADSVKGRFTISRDNSKNTLYLQMNSLRAEDTAVYYCAKDIQYGNYYYGMDYWGVGTSVTVSS,-0.34405437111854553,-0.3432419002056122,0.0008124709129333496,0.0008124709129333496
CDR3_P98KD,CDR3,98,K,D,EVQLVESGGGLVQPGGSLRLSCAASGFTFSSYAMSWVRQAPGKGLEWVSAISGSGGSTYYADSVKGRFTISRDNSKNTLYLQMNSLRAEDTAVYYCADDIQYGNYYYGMDYWGQGTSVTVSS,-0.34405437111854553,-0.34326428174972534,0.0007900893688201904,0.0007900893688201904
CDR3_P110DF,CDR3,110,D,F,EVQLVESGGGLVQPGGSLRLSCAASGFTFSSYAMSWVRQAPGKGLEWVSAISGSGGSTYYADSVKGRFTISRDNSKNTLYLQMNSLRAEDTAVYYCAKDIQYGNYYYGMFYWGQGTSVTVSS,-0.34405437111854553,-0.34328117966651917,0.0007731914520263672,0.0007731914520263672
CDR3_P112WD,CDR3,112,W,D,EVQLVESGGGLVQPGGSLRLSCAASGFTFSSYAMSWVRQAPGKGLEWVSAISGSGGSTYYADSVKGRFTISRDNSKNTLYLQMNSLRAEDTAVYYCAKDIQYGNYYYGMDYDGQGTSVTVSS,-0.34405437111854553,-0.3433219790458679,0.0007323920726776123,0.0007323920726776123
CDR3_P102YN,CDR3,102,Y,N,EVQLVESGGGLVQPGGSLRLSCAASGFTFSSYAMSWVRQAPGKGLEWVSAISGSGGSTYYADSVKGRFTISRDNSKNTLYLQMNSLRAEDTAVYYCAKDIQNGNYYYGMDYWGQGTSVTVSS,-0.34405437111854553,-0.34337761998176575,0.0006767511367797852,0.0006767511367797852
CDR3_P111YV,CDR3,111,Y,V,EVQLVESGGGLVQPGGSLRLSCAASGFTFSSYAMSWVRQAPGKGLEWVSAISGSGGSTYYADSVKGRFTISRDNSKNTLYLQMNSLRAEDTAVYYCAKDIQYGNYYYGMDVWGQGTSVTVSS,-0.34405437111854553,-0.3433830440044403,0.0006713271141052246,0.0006713271141052246
CDR3_P110DT,CDR3,110,D,T,EVQLVESGGGLVQPGGSLRLSCAASGFTFSSYAMSWVRQAPGKGLEWVSAISGSGGSTYYADSVKGRFTISRDNSKNTLYLQMNSLRAEDTAVYYCAKDIQYGNYYYGMTYWGQGTSVTVSS,-0.34405437111854553,-0.3433864414691925,0.0006679296493530273,0.0006679296493530273
CDR3_P101QK,CDR3,101,Q,K,EVQLVESGGGLVQPGGSLRLSCAASGFTFSSYAMSWVRQAPGKGLEWVSAISGSGGSTYYADSVKGRFTISRDNSKNTLYLQMNSLRAEDTAVYYCAKDIKYGNYYYGMDYWGQGTSVTVSS,-0.34405437111854553,-0.34338998794555664,0.0006643831729888916,0.0006643831729888916
CDR3_P104NL,CDR3,104,N,L,EVQLVESGGGLVQPGGSLRLSCAASGFTFSSYAMSWVRQAPGKGLEWVSAISGSGGSTYYADSVKGRFTISRDNSKNTLYLQMNSLRAEDTAVYYCAKDIQYGLYYYGMDYWGQGTSVTVSS,-0.34405437111854553,-0.3434889316558838,0.0005654394626617432,0.0005654394626617432
CDR3_P112WP,CDR3,112,W,P,EVQLVESGGGLVQPGGSLRLSCAASGFTFSSYAMSWVRQAPGKGLEWVSAISGSGGSTYYADSVKGRFTISRDNSKNTLYLQMNSLRAEDTAVYYCAKDIQYGNYYYGMDYPGQGTSVTVSS,-0.34405437111854553,-0.34350764751434326,0.0005467236042022705,0.0005467236042022705
CDR3_P101QN,CDR3,101,Q,N,EVQLVESGGGLVQPGGSLRLSCAASGFTFSSYAMSWVRQAPGKGLEWVSAISGSGGSTYYADSVKGRFTISRDNSKNTLYLQMNSLRAEDTAVYYCAKDINYGNYYYGMDYWGQGTSVTVSS,-0.34405437111854553,-0.3435300588607788,0.0005243122577667236,0.0005243122577667236
CDR3_P114QL,CDR3,114,Q,L,EVQLVESGGGLVQPGGSLRLSCAASGFTFSSYAMSWVRQAPGKGLEWVSAISGSGGSTYYADSVKGRFTISRDNSKNTLYLQMNSLRAEDTAVYYCAKDIQYGNYYYGMDYWGLGTSVTVSS,-0.34405437111854553,-0.3435954451560974,0.0004589259624481201,0.0004589259624481201
CDR3_P102YT,CDR3,102,Y,T,EVQLVESGGGLVQPGGSLRLSCAASGFTFSSYAMSWVRQAPGKGLEWVSAISGSGGSTYYADSVKGRFTISRDNSKNTLYLQMNSLRAEDTAVYYCAKDIQTGNYYYGMDYWGQGTSVTVSS,-0.34405437111854553,-0.3436512053012848,0.0004031658172607422,0.0004031658172607422
CDR3_P104NK,CDR3,104,N,K,EVQLVESGGGLVQPGGSLRLSCAASGFTFSSYAMSWVRQAPGKGLEWVSAISGSGGSTYYADSVKGRFTISRDNSKNTLYLQMNSLRAEDTAVYYCAKDIQYGKYYYGMDYWGQGTSVTVSS,-0.34405437111854553,-0.3437325656414032,0.000321805477142334,0.000321805477142334
CDR3_P104NP,CDR3,104,N,P,EVQLVESGGGLVQPGGSLRLSCAASGFTFSSYAMSWVRQAPGKGLEWVSAISGSGGSTYYADSVKGRFTISRDNSKNTLYLQMNSLRAEDTAVYYCAKDIQYGPYYYGMDYWGQGTSVTVSS,-0.34405437111854553,-0.34374570846557617,0.00030866265296936035,0.00030866265296936035
CDR3_P112WF,CDR3,112,W,F,EVQLVESGGGLVQPGGSLRLSCAASGFTFSSYAMSWVRQAPGKGLEWVSAISGSGGSTYYADSVKGRFTISRDNSKNTLYLQMNSLRAEDTAVYYCAKDIQYGNYYYGMDYFGQGTSVTVSS,-0.34405437111854553,-0.34374961256980896,0.00030475854873657227,0.00030475854873657227
CDR3_P100IL,CDR3,100,I,L,EVQLVESGGGLVQPGGSLRLSCAASGFTFSSYAMSWVRQAPGKGLEWVSAISGSGGSTYYADSVKGRFTISRDNSKNTLYLQMNSLRAEDTAVYYCAKDLQYGNYYYGMDYWGQGTSVTVSS,-0.34405437111854553,-0.34376591444015503,0.00028845667839050293,0.00028845667839050293
CDR3_P115GS,CDR3,115,G,S,EVQLVESGGGLVQPGGSLRLSCAASGFTFSSYAMSWVRQAPGKGLEWVSAISGSGGSTYYADSVKGRFTISRDNSKNTLYLQMNSLRAEDTAVYYCAKDIQYGNYYYGMDYWGQSTSVTVSS,-0.34405437111854553,-0.3437744379043579,0.00027993321418762207,0.00027993321418762207
CDR3_P101QP,CDR3,101,Q,P,EVQLVESGGGLVQPGGSLRLSCAASGFTFSSYAMSWVRQAPGKGLEWVSAISGSGGSTYYADSVKGRFTISRDNSKNTLYLQMNSLRAEDTAVYYCAKDIPYGNYYYGMDYWGQGTSVTVSS,-0.34405437111854553,-0.34377792477607727,0.0002764463424682617,0.0002764463424682617
CDR3_P112WQ,CDR3,112,W,Q,EVQLVESGGGLVQPGGSLRLSCAASGFTFSSYAMSWVRQAPGKGLEWVSAISGSGGSTYYADSVKGRFTISRDNSKNTLYLQMNSLRAEDTAVYYCAKDIQYGNYYYGMDYQGQGTSVTVSS,-0.34405437111854553,-0.3438541889190674,0.00020018219947814941,0.00020018219947814941
CDR3_P115GT,CDR3,115,G,T,EVQLVESGGGLVQPGGSLRLSCAASGFTFSSYAMSWVRQAPGKGLEWVSAISGSGGSTYYADSVKGRFTISRDNSKNTLYLQMNSLRAEDTAVYYCAKDIQYGNYYYGMDYWGQTTSVTVSS,-0.34405437111854553,-0.34389179944992065,0.00016257166862487793,0.00016257166862487793
CDR3_P104NV,CDR3,104,N,V,EVQLVESGGGLVQPGGSLRLSCAASGFTFSSYAMSWVRQAPGKGLEWVSAISGSGGSTYYADSVKGRFTISRDNSKNTLYLQMNSLRAEDTAVYYCAKDIQYGVYYYGMDYWGQGTSVTVSS,-0.34405437111854553,-0.3439123332500458,0.00014203786849975586,0.00014203786849975586
CDR3_P110DN,CDR3,110,D,N,EVQLVESGGGLVQPGGSLRLSCAASGFTFSSYAMSWVRQAPGKGLEWVSAISGSGGSTYYADSVKGRFTISRDNSKNTLYLQMNSLRAEDTAVYYCAKDIQYGNYYYGMNYWGQGTSVTVSS,-0.34405437111854553,-0.34394633769989014,0.00010803341865539551,0.00010803341865539551
CDR3_P107YG,CDR3,107,Y,G,EVQLVESGGGLVQPGGSLRLSCAASGFTFSSYAMSWVRQAPGKGLEWVSAISGSGGSTYYADSVKGRFTISRDNSKNTLYLQMNSLRAEDTAVYYCAKDIQYGNYYGGMDYWGQGTSVTVSS,-0.34405437111854553,-0.34404686093330383,7.510185241699219e-06,7.510185241699219e-06
CDR3_P102YK,CDR3,102,Y,K,EVQLVESGGGLVQPGGSLRLSCAASGFTFSSYAMSWVRQAPGKGLEWVSAISGSGGSTYYADSVKGRFTISRDNSKNTLYLQMNSLRAEDTAVYYCAKDIQKGNYYYGMDYWGQGTSVTVSS,-0.34405437111854553,-0.3440610468387604,-6.67572021484375e-06,-6.67572021484375e-06
CDR3_P110DR,CDR3,110,D,R,EVQLVESGGGLVQPGGSLRLSCAASGFTFSSYAMSWVRQAPGKGLEWVSAISGSGGSTYYADSVKGRFTISRDNSKNTLYLQMNSLRAEDTAVYYCAKDIQYGNYYYGMRYWGQGTSVTVSS,-0.34405437111854553,-0.34406837821006775,-1.4007091522216797e-05,-1.4007091522216797e-05
CDR3_P104NF,CDR3,104,N,F,EVQLVESGGGLVQPGGSLRLSCAASGFTFSSYAMSWVRQAPGKGLEWVSAISGSGGSTYYADSVKGRFTISRDNSKNTLYLQMNSLRAEDTAVYYCAKDIQYGFYYYGMDYWGQGTSVTVSS,-0.34405437111854553,-0.34408584237098694,-3.147125244140625e-05,-3.147125244140625e-05
CDR3_P102YA,CDR3,102,Y,A,EVQLVESGGGLVQPGGSLRLSCAASGFTFSSYAMSWVRQAPGKGLEWVSAISGSGGSTYYADSVKGRFTISRDNSKNTLYLQMNSLRAEDTAVYYCAKDIQAGNYYYGMDYWGQGTSVTVSS,-0.34405437111854553,-0.3441544473171234,-0.00010007619857788086,-0.00010007619857788086
CDR3_P100IN,CDR3,100,I,N,EVQLVESGGGLVQPGGSLRLSCAASGFTFSSYAMSWVRQAPGKGLEWVSAISGSGGSTYYADSVKGRFTISRDNSKNTLYLQMNSLRAEDTAVYYCAKDNQYGNYYYGMDYWGQGTSVTVSS,-0.34405437111854553,-0.34416887164115906,-0.00011450052261352539,-0.00011450052261352539
CDR3_P104NR,CDR3,104,N,R,EVQLVESGGGLVQPGGSLRLSCAASGFTFSSYAMSWVRQAPGKGLEWVSAISGSGGSTYYADSVKGRFTISRDNSKNTLYLQMNSLRAEDTAVYYCAKDIQYGRYYYGMDYWGQGTSVTVSS,-0.34405437111854553,-0.3441835045814514,-0.0001291334629058838,-0.0001291334629058838
CDR3_P99DP,CDR3,99,D,P,EVQLVESGGGLVQPGGSLRLSCAASGFTFSSYAMSWVRQAPGKGLEWVSAISGSGGSTYYADSVKGRFTISRDNSKNTLYLQMNSLRAEDTAVYYCAKPIQYGNYYYGMDYWGQGTSVTVSS,-0.34405437111854553,-0.3442268669605255,-0.00017249584197998047,-0.00017249584197998047
CDR3_P105YG,CDR3,105,Y,G,EVQLVESGGGLVQPGGSLRLSCAASGFTFSSYAMSWVRQAPGKGLEWVSAISGSGGSTYYADSVKGRFTISRDNSKNTLYLQMNSLRAEDTAVYYCAKDIQYGNGYYGMDYWGQGTSVTVSS,-0.34405437111854553,-0.34427088499069214,-0.00021651387214660645,-0.00021651387214660645
CDR3_P105YV,CDR3,105,Y,V,EVQLVESGGGLVQPGGSLRLSCAASGFTFSSYAMSWVRQAPGKGLEWVSAISGSGGSTYYADSVKGRFTISRDNSKNTLYLQMNSLRAEDTAVYYCAKDIQYGNVYYGMDYWGQGTSVTVSS,-0.34405437111854553,-0.3442886173725128,-0.00023424625396728516,-0.00023424625396728516
CDR3_P113GS,CDR3,113,G,S,EVQLVESGGGLVQPGGSLRLSCAASGFTFSSYAMSWVRQAPGKGLEWVSAISGSGGSTYYADSVKGRFTISRDNSKNTLYLQMNSLRAEDTAVYYCAKDIQYGNYYYGMDYWSQGTSVTVSS,-0.34405437111854553,-0.344298392534256,-0.00024402141571044922,-0.00024402141571044922
CDR3_P110DQ,CDR3,110,D,Q,EVQLVESGGGLVQPGGSLRLSCAASGFTFSSYAMSWVRQAPGKGLEWVSAISGSGGSTYYADSVKGRFTISRDNSKNTLYLQMNSLRAEDTAVYYCAKDIQYGNYYYGMQYWGQGTSVTVSS,-0.34405437111854553,-0.34435951709747314,-0.0003051459789276123,-0.0003051459789276123
CDR3_P100IR,CDR3,100,I,R,EVQLVESGGGLVQPGGSLRLSCAASGFTFSSYAMSWVRQAPGKGLEWVSAISGSGGSTYYADSVKGRFTISRDNSKNTLYLQMNSLRAEDTAVYYCAKDRQYGNYYYGMDYWGQGTSVTVSS,-0.34405437111854553,-0.34438398480415344,-0.00032961368560791016,-0.00032961368560791016
CDR3_P107YK,CDR3,107,Y,K,EVQLVESGGGLVQPGGSLRLSCAASGFTFSSYAMSWVRQAPGKGLEWVSAISGSGGSTYYADSVKGRFTISRDNSKNTLYLQMNSLRAEDTAVYYCAKDIQYGNYYKGMDYWGQGTSVTVSS,-0.34405437111854553,-0.3443986177444458,-0.00034424662590026855,-0.00034424662590026855
CDR3_P102YL,CDR3,102,Y,L,EVQLVESGGGLVQPGGSLRLSCAASGFTFSSYAMSWVRQAPGKGLEWVSAISGSGGSTYYADSVKGRFTISRDNSKNTLYLQMNSLRAEDTAVYYCAKDIQLGNYYYGMDYWGQGTSVTVSS,-0.34405437111854553,-0.34453147649765015,-0.00047710537910461426,-0.00047710537910461426
CDR3_P107YL,CDR3,107,Y,L,EVQLVESGGGLVQPGGSLRLSCAASGFTFSSYAMSWVRQAPGKGLEWVSAISGSGGSTYYADSVKGRFTISRDNSKNTLYLQMNSLRAEDTAVYYCAKDIQYGNYYLGMDYWGQGTSVTVSS,-0.34405437111854553,-0.34453654289245605,-0.00048217177391052246,-0.00048217177391052246
CDR3_P113GY,CDR3,113,G,Y,EVQLVESGGGLVQPGGSLRLSCAASGFTFSSYAMSWVRQAPGKGLEWVSAISGSGGSTYYADSVKGRFTISRDNSKNTLYLQMNSLRAEDTAVYYCAKDIQYGNYYYGMDYWYQGTSVTVSS,-0.34405437111854553,-0.3445410132408142,-0.00048664212226867676,-0.00048664212226867676
CDR3_P115GP,CDR3,115,G,P,EVQLVESGGGLVQPGGSLRLSCAASGFTFSSYAMSWVRQAPGKGLEWVSAISGSGGSTYYADSVKGRFTISRDNSKNTLYLQMNSLRAEDTAVYYCAKDIQYGNYYYGMDYWGQPTSVTVSS,-0.34405437111854553,-0.3445500135421753,-0.0004956424236297607,-0.0004956424236297607
CDR3_P100IK,CDR3,100,I,K,EVQLVESGGGLVQPGGSLRLSCAASGFTFSSYAMSWVRQAPGKGLEWVSAISGSGGSTYYADSVKGRFTISRDNSKNTLYLQMNSLRAEDTAVYYCAKDKQYGNYYYGMDYWGQGTSVTVSS,-0.34405437111854553,-0.34456291794776917,-0.0005085468292236328,-0.0005085468292236328
CDR3_P105YI,CDR3,105,Y,I,EVQLVESGGGLVQPGGSLRLSCAASGFTFSSYAMSWVRQAPGKGLEWVSAISGSGGSTYYADSVKGRFTISRDNSKNTLYLQMNSLRAEDTAVYYCAKDIQYGNIYYGMDYWGQGTSVTVSS,-0.34405437111854553,-0.3445661664009094,-0.0005117952823638916,-0.0005117952823638916
CDR3_P101QD,CDR3,101,Q,D,EVQLVESGGGLVQPGGSLRLSCAASGFTFSSYAMSWVRQAPGKGLEWVSAISGSGGSTYYADSVKGRFTISRDNSKNTLYLQMNSLRAEDTAVYYCAKDIDYGNYYYGMDYWGQGTSVTVSS,-0.34405437111854553,-0.34458181262016296,-0.0005274415016174316,-0.0005274415016174316
CDR3_P104ND,CDR3,104,N,D,EVQLVESGGGLVQPGGSLRLSCAASGFTFSSYAMSWVRQAPGKGLEWVSAISGSGGSTYYADSVKGRFTISRDNSKNTLYLQMNSLRAEDTAVYYCAKDIQYGDYYYGMDYWGQGTSVTVSS,-0.34405437111854553,-0.344588041305542,-0.00053367018699646,-0.00053367018699646
CDR3_P114QF,CDR3,114,Q,F,EVQLVESGGGLVQPGGSLRLSCAASGFTFSSYAMSWVRQAPGKGLEWVSAISGSGGSTYYADSVKGRFTISRDNSKNTLYLQMNSLRAEDTAVYYCAKDIQYGNYYYGMDYWGFGTSVTVSS,-0.34405437111854553,-0.34464433789253235,-0.0005899667739868164,-0.0005899667739868164
CDR3_P105YL,CDR3,105,Y,L,EVQLVESGGGLVQPGGSLRLSCAASGFTFSSYAMSWVRQAPGKGLEWVSAISGSGGSTYYADSVKGRFTISRDNSKNTLYLQMNSLRAEDTAVYYCAKDIQYGNLYYGMDYWGQGTSVTVSS,-0.34405437111854553,-0.34465527534484863,-0.0006009042263031006,-0.0006009042263031006
CDR3_P107YS,CDR3,107,Y,S,EVQLVESGGGLVQPGGSLRLSCAASGFTFSSYAMSWVRQAPGKGLEWVSAISGSGGSTYYADSVKGRFTISRDNSKNTLYLQMNSLRAEDTAVYYCAKDIQYGNYYSGMDYWGQGTSVTVSS,-0.34405437111854553,-0.34466397762298584,-0.0006096065044403076,-0.0006096065044403076
CDR3_P97AS,CDR3,97,A,S,EVQLVESGGGLVQPGGSLRLSCAASGFTFSSYAMSWVRQAPGKGLEWVSAISGSGGSTYYADSVKGRFTISRDNSKNTLYLQMNSLRAEDTAVYYCSKDIQYGNYYYGMDYWGQGTSVTVSS,-0.34405437111854553,-0.34472668170928955,-0.0006723105907440186,-0.0006723105907440186
CDR3_P97AR,CDR3,97,A,R,EVQLVESGGGLVQPGGSLRLSCAASGFTFSSYAMSWVRQAPGKGLEWVSAISGSGGSTYYADSVKGRFTISRDNSKNTLYLQMNSLRAEDTAVYYCRKDIQYGNYYYGMDYWGQGTSVTVSS,-0.34405437111854553,-0.3447872996330261,-0.0007329285144805908,-0.0007329285144805908
CDR3_P100IQ,CDR3,100,I,Q,EVQLVESGGGLVQPGGSLRLSCAASGFTFSSYAMSWVRQAPGKGLEWVSAISGSGGSTYYADSVKGRFTISRDNSKNTLYLQMNSLRAEDTAVYYCAKDQQYGNYYYGMDYWGQGTSVTVSS,-0.34405437111854553,-0.3447924852371216,-0.0007381141185760498,-0.0007381141185760498
CDR3_P108GY,CDR3,108,G,Y,EVQLVESGGGLVQPGGSLRLSCAASGFTFSSYAMSWVRQAPGKGLEWVSAISGSGGSTYYADSVKGRFTISRDNSKNTLYLQMNSLRAEDTAVYYCAKDIQYGNYYYYMDYWGQGTSVTVSS,-0.34405437111854553,-0.344806432723999,-0.0007520616054534912,-0.0007520616054534912
CDR3_P107YP,CDR3,107,Y,P,EVQLVESGGGLVQPGGSLRLSCAASGFTFSSYAMSWVRQAPGKGLEWVSAISGSGGSTYYADSVKGRFTISRDNSKNTLYLQMNSLRAEDTAVYYCAKDIQYGNYYPGMDYWGQGTSVTVSS,-0.34405437111854553,-0.344851553440094,-0.0007971823215484619,-0.0007971823215484619
CDR3_P115GK,CDR3,115,G,K,EVQLVESGGGLVQPGGSLRLSCAASGFTFSSYAMSWVRQAPGKGLEWVSAISGSGGSTYYADSVKGRFTISRDNSKNTLYLQMNSLRAEDTAVYYCAKDIQYGNYYYGMDYWGQKTSVTVSS,-0.34405437111854553,-0.34499549865722656,-0.0009411275386810303,-0.0009411275386810303
CDR3_P100IV,CDR3,100,I,V,EVQLVESGGGLVQPGGSLRLSCAASGFTFSSYAMSWVRQAPGKGLEWVSAISGSGGSTYYADSVKGRFTISRDNSKNTLYLQMNSLRAEDTAVYYCAKDVQYGNYYYGMDYWGQGTSVTVSS,-0.34405437111854553,-0.34501367807388306,-0.0009593069553375244,-0.0009593069553375244
CDR3_P111YS,CDR3,111,Y,S,EVQLVESGGGLVQPGGSLRLSCAASGFTFSSYAMSWVRQAPGKGLEWVSAISGSGGSTYYADSVKGRFTISRDNSKNTLYLQMNSLRAEDTAVYYCAKDIQYGNYYYGMDSWGQGTSVTVSS,-0.34405437111854553,-0.3450329005718231,-0.0009785294532775879,-0.0009785294532775879
CDR3_P102YR,CDR3,102,Y,R,EVQLVESGGGLVQPGGSLRLSCAASGFTFSSYAMSWVRQAPGKGLEWVSAISGSGGSTYYADSVKGRFTISRDNSKNTLYLQMNSLRAEDTAVYYCAKDIQRGNYYYGMDYWGQGTSVTVSS,-0.34405437111854553,-0.34509196877479553,-0.00103759765625,-0.00103759765625
CDR3_P106YG,CDR3,106,Y,G,EVQLVESGGGLVQPGGSLRLSCAASGFTFSSYAMSWVRQAPGKGLEWVSAISGSGGSTYYADSVKGRFTISRDNSKNTLYLQMNSLRAEDTAVYYCAKDIQYGNYGYGMDYWGQGTSVTVSS,-0.34405437111854553,-0.3451131284236908,-0.0010587573051452637,-0.0010587573051452637
CDR3_P115GY,CDR3,115,G,Y,EVQLVESGGGLVQPGGSLRLSCAASGFTFSSYAMSWVRQAPGKGLEWVSAISGSGGSTYYADSVKGRFTISRDNSKNTLYLQMNSLRAEDTAVYYCAKDIQYGNYYYGMDYWGQYTSVTVSS,-0.34405437111854553,-0.34517839550971985,-0.0011240243911743164,-0.0011240243911743164
CDR3_P99DT,CDR3,99,D,T,EVQLVESGGGLVQPGGSLRLSCAASGFTFSSYAMSWVRQAPGKGLEWVSAISGSGGSTYYADSVKGRFTISRDNSKNTLYLQMNSLRAEDTAVYYCAKTIQYGNYYYGMDYWGQGTSVTVSS,-0.34405437111854553,-0.3451995849609375,-0.0011452138423919678,-0.0011452138423919678
CDR3_P100IT,CDR3,100,I,T,EVQLVESGGGLVQPGGSLRLSCAASGFTFSSYAMSWVRQAPGKGLEWVSAISGSGGSTYYADSVKGRFTISRDNSKNTLYLQMNSLRAEDTAVYYCAKDTQYGNYYYGMDYWGQGTSVTVSS,-0.34405437111854553,-0.34526342153549194,-0.0012090504169464111,-0.0012090504169464111
CDR3_P102YD,CDR3,102,Y,D,EVQLVESGGGLVQPGGSLRLSCAASGFTFSSYAMSWVRQAPGKGLEWVSAISGSGGSTYYADSVKGRFTISRDNSKNTLYLQMNSLRAEDTAVYYCAKDIQDGNYYYGMDYWGQGTSVTVSS,-0.34405437111854553,-0.34527868032455444,-0.0012243092060089111,-0.0012243092060089111
CDR3_P107YT,CDR3,107,Y,T,EVQLVESGGGLVQPGGSLRLSCAASGFTFSSYAMSWVRQAPGKGLEWVSAISGSGGSTYYADSVKGRFTISRDNSKNTLYLQMNSLRAEDTAVYYCAKDIQYGNYYTGMDYWGQGTSVTVSS,-0.34405437111854553,-0.345308393239975,-0.0012540221214294434,-0.0012540221214294434
CDR3_P113GA,CDR3,113,G,A,EVQLVESGGGLVQPGGSLRLSCAASGFTFSSYAMSWVRQAPGKGLEWVSAISGSGGSTYYADSVKGRFTISRDNSKNTLYLQMNSLRAEDTAVYYCAKDIQYGNYYYGMDYWAQGTSVTVSS,-0.34405437111854553,-0.3453180193901062,-0.001263648271560669,-0.001263648271560669
CDR3_P101QE,CDR3,101,Q,E,EVQLVESGGGLVQPGGSLRLSCAASGFTFSSYAMSWVRQAPGKGLEWVSAISGSGGSTYYADSVKGRFTISRDNSKNTLYLQMNSLRAEDTAVYYCAKDIEYGNYYYGMDYWGQGTSVTVSS,-0.34405437111854553,-0.34532466530799866,-0.001270294189453125,-0.001270294189453125
CDR3_P103GT,CDR3,103,G,T,EVQLVESGGGLVQPGGSLRLSCAASGFTFSSYAMSWVRQAPGKGLEWVSAISGSGGSTYYADSVKGRFTISRDNSKNTLYLQMNSLRAEDTAVYYCAKDIQYTNYYYGMDYWGQGTSVTVSS,-0.34405437111854553,-0.345327764749527,-0.0012733936309814453,-0.0012733936309814453
CDR3_P110DW,CDR3,110,D,W,EVQLVESGGGLVQPGGSLRLSCAASGFTFSSYAMSWVRQAPGKGLEWVSAISGSGGSTYYADSVKGRFTISRDNSKNTLYLQMNSLRAEDTAVYYCAKDIQYGNYYYGMWYWGQGTSVTVSS,-0.34405437111854553,-0.3453405499458313,-0.0012861788272857666,-0.0012861788272857666
CDR3_P105YT,CDR3,105,Y,T,EVQLVESGGGLVQPGGSLRLSCAASGFTFSSYAMSWVRQAPGKGLEWVSAISGSGGSTYYADSVKGRFTISRDNSKNTLYLQMNSLRAEDTAVYYCAKDIQYGNTYYGMDYWGQGTSVTVSS,-0.34405437111854553,-0.34538882970809937,-0.001334458589553833,-0.001334458589553833
CDR3_P104NA,CDR3,104,N,A,EVQLVESGGGLVQPGGSLRLSCAASGFTFSSYAMSWVRQAPGKGLEWVSAISGSGGSTYYADSVKGRFTISRDNSKNTLYLQMNSLRAEDTAVYYCAKDIQYGAYYYGMDYWGQGTSVTVSS,-0.34405437111854553,-0.34540820121765137,-0.001353830099105835,-0.001353830099105835
CDR3_P105YS,CDR3,105,Y,S,EVQLVESGGGLVQPGGSLRLSCAASGFTFSSYAMSWVRQAPGKGLEWVSAISGSGGSTYYADSVKGRFTISRDNSKNTLYLQMNSLRAEDTAVYYCAKDIQYGNSYYGMDYWGQGTSVTVSS,-0.34405437111854553,-0.3454456329345703,-0.0013912618160247803,-0.0013912618160247803
CDR3_P101QH,CDR3,101,Q,H,EVQLVESGGGLVQPGGSLRLSCAASGFTFSSYAMSWVRQAPGKGLEWVSAISGSGGSTYYADSVKGRFTISRDNSKNTLYLQMNSLRAEDTAVYYCAKDIHYGNYYYGMDYWGQGTSVTVSS,-0.34405437111854553,-0.34544694423675537,-0.0013925731182098389,-0.0013925731182098389
CDR3_P112WL,CDR3,112,W,L,EVQLVESGGGLVQPGGSLRLSCAASGFTFSSYAMSWVRQAPGKGLEWVSAISGSGGSTYYADSVKGRFTISRDNSKNTLYLQMNSLRAEDTAVYYCAKDIQYGNYYYGMDYLGQGTSVTVSS,-0.34405437111854553,-0.34548312425613403,-0.001428753137588501,-0.001428753137588501
CDR3_P110DE,CDR3,110,D,E,EVQLVESGGGLVQPGGSLRLSCAASGFTFSSYAMSWVRQAPGKGLEWVSAISGSGGSTYYADSVKGRFTISRDNSKNTLYLQMNSLRAEDTAVYYCAKDIQYGNYYYGMEYWGQGTSVTVSS,-0.34405437111854553,-0.3455536961555481,-0.0014993250370025635,-0.0014993250370025635
CDR3_P105YK,CDR3,105,Y,K,EVQLVESGGGLVQPGGSLRLSCAASGFTFSSYAMSWVRQAPGKGLEWVSAISGSGGSTYYADSVKGRFTISRDNSKNTLYLQMNSLRAEDTAVYYCAKDIQYGNKYYGMDYWGQGTSVTVSS,-0.34405437111854553,-0.3455691933631897,-0.001514822244644165,-0.001514822244644165
CDR3_P107YN,CDR3,107,Y,N,EVQLVESGGGLVQPGGSLRLSCAASGFTFSSYAMSWVRQAPGKGLEWVSAISGSGGSTYYADSVKGRFTISRDNSKNTLYLQMNSLRAEDTAVYYCAKDIQYGNYYNGMDYWGQGTSVTVSS,-0.34405437111854553,-0.3456260859966278,-0.0015717148780822754,-0.0015717148780822754
CDR3_P112WV,CDR3,112,W,V,EVQLVESGGGLVQPGGSLRLSCAASGFTFSSYAMSWVRQAPGKGLEWVSAISGSGGSTYYADSVKGRFTISRDNSKNTLYLQMNSLRAEDTAVYYCAKDIQYGNYYYGMDYVGQGTSVTVSS,-0.34405437111854553,-0.3456375300884247,-0.0015831589698791504,-0.0015831589698791504
CDR3_P99DS,CDR3,99,D,S,EVQLVESGGGLVQPGGSLRLSCAASGFTFSSYAMSWVRQAPGKGLEWVSAISGSGGSTYYADSVKGRFTISRDNSKNTLYLQMNSLRAEDTAVYYCAKSIQYGNYYYGMDYWGQGTSVTVSS,-0.34405437111854553,-0.34563982486724854,-0.001585453748703003,-0.001585453748703003
CDR3_P104NQ,CDR3,104,N,Q,EVQLVESGGGLVQPGGSLRLSCAASGFTFSSYAMSWVRQAPGKGLEWVSAISGSGGSTYYADSVKGRFTISRDNSKNTLYLQMNSLRAEDTAVYYCAKDIQYGQYYYGMDYWGQGTSVTVSS,-0.34405437111854553,-0.34564507007598877,-0.0015906989574432373,-0.0015906989574432373
CDR3_P103GK,CDR3,103,G,K,EVQLVESGGGLVQPGGSLRLSCAASGFTFSSYAMSWVRQAPGKGLEWVSAISGSGGSTYYADSVKGRFTISRDNSKNTLYLQMNSLRAEDTAVYYCAKDIQYKNYYYGMDYWGQGTSVTVSS,-0.34405437111854553,-0.34564992785453796,-0.0015955567359924316,-0.0015955567359924316
CDR3_P105YN,CDR3,105,Y,N,EVQLVESGGGLVQPGGSLRLSCAASGFTFSSYAMSWVRQAPGKGLEWVSAISGSGGSTYYADSVKGRFTISRDNSKNTLYLQMNSLRAEDTAVYYCAKDIQYGNNYYGMDYWGQGTSVTVSS,-0.34405437111854553,-0.3456582725048065,-0.0016039013862609863,-0.0016039013862609863
CDR3_P115GA,CDR3,115,G,A,EVQLVESGGGLVQPGGSLRLSCAASGFTFSSYAMSWVRQAPGKGLEWVSAISGSGGSTYYADSVKGRFTISRDNSKNTLYLQMNSLRAEDTAVYYCAKDIQYGNYYYGMDYWGQATSVTVSS,-0.34405437111854553,-0.3456727862358093,-0.001618415117263794,-0.001618415117263794
CDR3_P113GT,CDR3,113,G,T,EVQLVESGGGLVQPGGSLRLSCAASGFTFSSYAMSWVRQAPGKGLEWVSAISGSGGSTYYADSVKGRFTISRDNSKNTLYLQMNSLRAEDTAVYYCAKDIQYGNYYYGMDYWTQGTSVTVSS,-0.34405437111854553,-0.345694363117218,-0.0016399919986724854,-0.0016399919986724854
CDR3_P100IF,CDR3,100,I,F,EVQLVESGGGLVQPGGSLRLSCAASGFTFSSYAMSWVRQAPGKGLEWVSAISGSGGSTYYADSVKGRFTISRDNSKNTLYLQMNSLRAEDTAVYYCAKDFQYGNYYYGMDYWGQGTSVTVSS,-0.34405437111854553,-0.34570732712745667,-0.0016529560089111328,-0.0016529560089111328
CDR3_P102YQ,CDR3,102,Y,Q,EVQLVESGGGLVQPGGSLRLSCAASGFTFSSYAMSWVRQAPGKGLEWVSAISGSGGSTYYADSVKGRFTISRDNSKNTLYLQMNSLRAEDTAVYYCAKDIQQGNYYYGMDYWGQGTSVTVSS,-0.34405437111854553,-0.3457147479057312,-0.001660376787185669,-0.001660376787185669
CDR3_P106YL,CDR3,106,Y,L,EVQLVESGGGLVQPGGSLRLSCAASGFTFSSYAMSWVRQAPGKGLEWVSAISGSGGSTYYADSVKGRFTISRDNSKNTLYLQMNSLRAEDTAVYYCAKDIQYGNYLYGMDYWGQGTSVTVSS,-0.34405437111854553,-0.3457263708114624,-0.0016719996929168701,-0.0016719996929168701
CDR3_P106YV,CDR3,106,Y,V,EVQLVESGGGLVQPGGSLRLSCAASGFTFSSYAMSWVRQAPGKGLEWVSAISGSGGSTYYADSVKGRFTISRDNSKNTLYLQMNSLRAEDTAVYYCAKDIQYGNYVYGMDYWGQGTSVTVSS,-0.34405437111854553,-0.3457286059856415,-0.0016742348670959473,-0.0016742348670959473
CDR3_P104NI,CDR3,104,N,I,EVQLVESGGGLVQPGGSLRLSCAASGFTFSSYAMSWVRQAPGKGLEWVSAISGSGGSTYYADSVKGRFTISRDNSKNTLYLQMNSLRAEDTAVYYCAKDIQYGIYYYGMDYWGQGTSVTVSS,-0.34405437111854553,-0.34575656056404114,-0.0017021894454956055,-0.0017021894454956055
CDR3_P105YF,CDR3,105,Y,F,EVQLVESGGGLVQPGGSLRLSCAASGFTFSSYAMSWVRQAPGKGLEWVSAISGSGGSTYYADSVKGRFTISRDNSKNTLYLQMNSLRAEDTAVYYCAKDIQYGNFYYGMDYWGQGTSVTVSS,-0.34405437111854553,-0.3457593619823456,-0.0017049908638000488,-0.0017049908638000488
CDR3_P109MH,CDR3,109,M,H,EVQLVESGGGLVQPGGSLRLSCAASGFTFSSYAMSWVRQAPGKGLEWVSAISGSGGSTYYADSVKGRFTISRDNSKNTLYLQMNSLRAEDTAVYYCAKDIQYGNYYYGHDYWGQGTSVTVSS,-0.34405437111854553,-0.3457806408405304,-0.0017262697219848633,-0.0017262697219848633
CDR3_P103GL,CDR3,103,G,L,EVQLVESGGGLVQPGGSLRLSCAASGFTFSSYAMSWVRQAPGKGLEWVSAISGSGGSTYYADSVKGRFTISRDNSKNTLYLQMNSLRAEDTAVYYCAKDIQYLNYYYGMDYWGQGTSVTVSS,-0.34405437111854553,-0.3458073139190674,-0.0017529428005218506,-0.0017529428005218506
CDR3_P115GE,CDR3,115,G,E,EVQLVESGGGLVQPGGSLRLSCAASGFTFSSYAMSWVRQAPGKGLEWVSAISGSGGSTYYADSVKGRFTISRDNSKNTLYLQMNSLRAEDTAVYYCAKDIQYGNYYYGMDYWGQETSVTVSS,-0.34405437111854553,-0.3458171784877777,-0.0017628073692321777,-0.0017628073692321777
CDR3_P99DY,CDR3,99,D,Y,EVQLVESGGGLVQPGGSLRLSCAASGFTFSSYAMSWVRQAPGKGLEWVSAISGSGGSTYYADSVKGRFTISRDNSKNTLYLQMNSLRAEDTAVYYCAKYIQYGNYYYGMDYWGQGTSVTVSS,-0.34405437111854553,-0.3458629250526428,-0.00180855393409729,-0.00180855393409729
CDR3_P105YP,CDR3,105,Y,P,EVQLVESGGGLVQPGGSLRLSCAASGFTFSSYAMSWVRQAPGKGLEWVSAISGSGGSTYYADSVKGRFTISRDNSKNTLYLQMNSLRAEDTAVYYCAKDIQYGNPYYGMDYWGQGTSVTVSS,-0.34405437111854553,-0.34586596488952637,-0.001811593770980835,-0.001811593770980835
CDR3_P102YE,CDR3,102,Y,E,EVQLVESGGGLVQPGGSLRLSCAASGFTFSSYAMSWVRQAPGKGLEWVSAISGSGGSTYYADSVKGRFTISRDNSKNTLYLQMNSLRAEDTAVYYCAKDIQEGNYYYGMDYWGQGTSVTVSS,-0.34405437111854553,-0.34588104486465454,-0.0018266737461090088,-0.0018266737461090088
CDR3_P105YA,CDR3,105,Y,A,EVQLVESGGGLVQPGGSLRLSCAASGFTFSSYAMSWVRQAPGKGLEWVSAISGSGGSTYYADSVKGRFTISRDNSKNTLYLQMNSLRAEDTAVYYCAKDIQYGNAYYGMDYWGQGTSVTVSS,-0.34405437111854553,-0.3459238111972809,-0.0018694400787353516,-0.0018694400787353516
CDR3_P100IY,CDR3,100,I,Y,EVQLVESGGGLVQPGGSLRLSCAASGFTFSSYAMSWVRQAPGKGLEWVSAISGSGGSTYYADSVKGRFTISRDNSKNTLYLQMNSLRAEDTAVYYCAKDYQYGNYYYGMDYWGQGTSVTVSS,-0.34405437111854553,-0.3459451496601105,-0.0018907785415649414,-0.0018907785415649414
CDR3_P103GY,CDR3,103,G,Y,EVQLVESGGGLVQPGGSLRLSCAASGFTFSSYAMSWVRQAPGKGLEWVSAISGSGGSTYYADSVKGRFTISRDNSKNTLYLQMNSLRAEDTAVYYCAKDIQYYNYYYGMDYWGQGTSVTVSS,-0.34405437111854553,-0.3459724485874176,-0.0019180774688720703,-0.0019180774688720703
CDR3_P103GA,CDR3,103,G,A,EVQLVESGGGLVQPGGSLRLSCAASGFTFSSYAMSWVRQAPGKGLEWVSAISGSGGSTYYADSVKGRFTISRDNSKNTLYLQMNSLRAEDTAVYYCAKDIQYANYYYGMDYWGQGTSVTVSS,-0.34405437111854553,-0.34599992632865906,-0.0019455552101135254,-0.0019455552101135254
CDR3_P100IA,CDR3,100,I,A,EVQLVESGGGLVQPGGSLRLSCAASGFTFSSYAMSWVRQAPGKGLEWVSAISGSGGSTYYADSVKGRFTISRDNSKNTLYLQMNSLRAEDTAVYYCAKDAQYGNYYYGMDYWGQGTSVTVSS,-0.34405437111854553,-0.3460521101951599,-0.00199773907661438,-0.00199773907661438
CDR3_P111YI,CDR3,111,Y,I,EVQLVESGGGLVQPGGSLRLSCAASGFTFSSYAMSWVRQAPGKGLEWVSAISGSGGSTYYADSVKGRFTISRDNSKNTLYLQMNSLRAEDTAVYYCAKDIQYGNYYYGMDIWGQGTSVTVSS,-0.34405437111854553,-0.3460652828216553,-0.002010911703109741,-0.002010911703109741
CDR3_P108GS,CDR3,108,G,S,EVQLVESGGGLVQPGGSLRLSCAASGFTFSSYAMSWVRQAPGKGLEWVSAISGSGGSTYYADSVKGRFTISRDNSKNTLYLQMNSLRAEDTAVYYCAKDIQYGNYYYSMDYWGQGTSVTVSS,-0.34405437111854553,-0.3461378812789917,-0.002083510160446167,-0.002083510160446167
CDR3_P97AQ,CDR3,97,A,Q,EVQLVESGGGLVQPGGSLRLSCAASGFTFSSYAMSWVRQAPGKGLEWVSAISGSGGSTYYADSVKGRFTISRDNSKNTLYLQMNSLRAEDTAVYYCQKDIQYGNYYYGMDYWGQGTSVTVSS,-0.34405437111854553,-0.34614574909210205,-0.0020913779735565186,-0.0020913779735565186
CDR3_P107YV,CDR3,107,Y,V,EVQLVESGGGLVQPGGSLRLSCAASGFTFSSYAMSWVRQAPGKGLEWVSAISGSGGSTYYADSVKGRFTISRDNSKNTLYLQMNSLRAEDTAVYYCAKDIQYGNYYVGMDYWGQGTSVTVSS,-0.34405437111854553,-0.34615156054496765,-0.002097189426422119,-0.002097189426422119
CDR3_P113GN,CDR3,113,G,N,EVQLVESGGGLVQPGGSLRLSCAASGFTFSSYAMSWVRQAPGKGLEWVSAISGSGGSTYYADSVKGRFTISRDNSKNTLYLQMNSLRAEDTAVYYCAKDIQYGNYYYGMDYWNQGTSVTVSS,-0.34405437111854553,-0.34615594148635864,-0.0021015703678131104,-0.0021015703678131104
CDR3_P100IE,CDR3,100,I,E,EVQLVESGGGLVQPGGSLRLSCAASGFTFSSYAMSWVRQAPGKGLEWVSAISGSGGSTYYADSVKGRFTISRDNSKNTLYLQMNSLRAEDTAVYYCAKDEQYGNYYYGMDYWGQGTSVTVSS,-0.34405437111854553,-0.3462187945842743,-0.0021644234657287598,-0.0021644234657287598
CDR3_P103GR,CDR3,103,G,R,EVQLVESGGGLVQPGGSLRLSCAASGFTFSSYAMSWVRQAPGKGLEWVSAISGSGGSTYYADSVKGRFTISRDNSKNTLYLQMNSLRAEDTAVYYCAKDIQYRNYYYGMDYWGQGTSVTVSS,-0.34405437111854553,-0.34623944759368896,-0.0021850764751434326,-0.0021850764751434326
CDR3_P115GI,CDR3,115,G,I,EVQLVESGGGLVQPGGSLRLSCAASGFTFSSYAMSWVRQAPGKGLEWVSAISGSGGSTYYADSVKGRFTISRDNSKNTLYLQMNSLRAEDTAVYYCAKDIQYGNYYYGMDYWGQITSVTVSS,-0.34405437111854553,-0.3463159203529358,-0.002261549234390259,-0.002261549234390259
CDR3_P106YS,CDR3,106,Y,S,EVQLVESGGGLVQPGGSLRLSCAASGFTFSSYAMSWVRQAPGKGLEWVSAISGSGGSTYYADSVKGRFTISRDNSKNTLYLQMNSLRAEDTAVYYCAKDIQYGNYSYGMDYWGQGTSVTVSS,-0.34405437111854553,-0.3463350832462311,-0.002280712127685547,-0.002280712127685547
CDR3_P99DN,CDR3,99,D,N,EVQLVESGGGLVQPGGSLRLSCAASGFTFSSYAMSWVRQAPGKGLEWVSAISGSGGSTYYADSVKGRFTISRDNSKNTLYLQMNSLRAEDTAVYYCAKNIQYGNYYYGMDYWGQGTSVTVSS,-0.34405437111854553,-0.3463538885116577,-0.0022995173931121826,-0.0022995173931121826
CDR3_P107YF,CDR3,107,Y,F,EVQLVESGGGLVQPGGSLRLSCAASGFTFSSYAMSWVRQAPGKGLEWVSAISGSGGSTYYADSVKGRFTISRDNSKNTLYLQMNSLRAEDTAVYYCAKDIQYGNYYFGMDYWGQGTSVTVSS,-0.34405437111854553,-0.34635981917381287,-0.002305448055267334,-0.002305448055267334
CDR3_P114QW,CDR3,114,Q,W,EVQLVESGGGLVQPGGSLRLSCAASGFTFSSYAMSWVRQAPGKGLEWVSAISGSGGSTYYADSVKGRFTISRDNSKNTLYLQMNSLRAEDTAVYYCAKDIQYGNYYYGMDYWGWGTSVTVSS,-0.34405437111854553,-0.3463742733001709,-0.002319902181625366,-0.002319902181625366
CDR3_P113GF,CDR3,113,G,F,EVQLVESGGGLVQPGGSLRLSCAASGFTFSSYAMSWVRQAPGKGLEWVSAISGSGGSTYYADSVKGRFTISRDNSKNTLYLQMNSLRAEDTAVYYCAKDIQYGNYYYGMDYWFQGTSVTVSS,-0.34405437111854553,-0.34644439816474915,-0.0023900270462036133,-0.0023900270462036133
CDR3_P112WE,CDR3,112,W,E,EVQLVESGGGLVQPGGSLRLSCAASGFTFSSYAMSWVRQAPGKGLEWVSAISGSGGSTYYADSVKGRFTISRDNSKNTLYLQMNSLRAEDTAVYYCAKDIQYGNYYYGMDYEGQGTSVTVSS,-0.34405437111854553,-0.3464665114879608,-0.002412140369415283,-0.002412140369415283
CDR3_P104NE,CDR3,104,N,E,EVQLVESGGGLVQPGGSLRLSCAASGFTFSSYAMSWVRQAPGKGLEWVSAISGSGGSTYYADSVKGRFTISRDNSKNTLYLQMNSLRAEDTAVYYCAKDIQYGEYYYGMDYWGQGTSVTVSS,-0.34405437111854553,-0.34647661447525024,-0.002422243356704712,-0.002422243356704712
CDR3_P111YG,CDR3,111,Y,G,EVQLVESGGGLVQPGGSLRLSCAASGFTFSSYAMSWVRQAPGKGLEWVSAISGSGGSTYYADSVKGRFTISRDNSKNTLYLQMNSLRAEDTAVYYCAKDIQYGNYYYGMDGWGQGTSVTVSS,-0.34405437111854553,-0.3465101718902588,-0.002455800771713257,-0.002455800771713257
CDR3_P107YA,CDR3,107,Y,A,EVQLVESGGGLVQPGGSLRLSCAASGFTFSSYAMSWVRQAPGKGLEWVSAISGSGGSTYYADSVKGRFTISRDNSKNTLYLQMNSLRAEDTAVYYCAKDIQYGNYYAGMDYWGQGTSVTVSS,-0.34405437111854553,-0.34652021527290344,-0.00246584415435791,-0.00246584415435791
CDR3_P102YF,CDR3,102,Y,F,EVQLVESGGGLVQPGGSLRLSCAASGFTFSSYAMSWVRQAPGKGLEWVSAISGSGGSTYYADSVKGRFTISRDNSKNTLYLQMNSLRAEDTAVYYCAKDIQFGNYYYGMDYWGQGTSVTVSS,-0.34405437111854553,-0.3465340733528137,-0.0024797022342681885,-0.0024797022342681885
CDR3_P97AK,CDR3,97,A,K,EVQLVESGGGLVQPGGSLRLSCAASGFTFSSYAMSWVRQAPGKGLEWVSAISGSGGSTYYADSVKGRFTISRDNSKNTLYLQMNSLRAEDTAVYYCKKDIQYGNYYYGMDYWGQGTSVTVSS,-0.34405437111854553,-0.34657105803489685,-0.0025166869163513184,-0.0025166869163513184
CDR3_P106YF,CDR3,106,Y,F,EVQLVESGGGLVQPGGSLRLSCAASGFTFSSYAMSWVRQAPGKGLEWVSAISGSGGSTYYADSVKGRFTISRDNSKNTLYLQMNSLRAEDTAVYYCAKDIQYGNYFYGMDYWGQGTSVTVSS,-0.34405437111854553,-0.3466262221336365,-0.0025718510150909424,-0.0025718510150909424
CDR3_P111YP,CDR3,111,Y,P,EVQLVESGGGLVQPGGSLRLSCAASGFTFSSYAMSWVRQAPGKGLEWVSAISGSGGSTYYADSVKGRFTISRDNSKNTLYLQMNSLRAEDTAVYYCAKDIQYGNYYYGMDPWGQGTSVTVSS,-0.34405437111854553,-0.3466728627681732,-0.0026184916496276855,-0.0026184916496276855
CDR3_P115GN,CDR3,115,G,N,EVQLVESGGGLVQPGGSLRLSCAASGFTFSSYAMSWVRQAPGKGLEWVSAISGSGGSTYYADSVKGRFTISRDNSKNTLYLQMNSLRAEDTAVYYCAKDIQYGNYYYGMDYWGQNTSVTVSS,-0.34405437111854553,-0.34669026732444763,-0.0026358962059020996,-0.0026358962059020996
CDR3_P115GR,CDR3,115,G,R,EVQLVESGGGLVQPGGSLRLSCAASGFTFSSYAMSWVRQAPGKGLEWVSAISGSGGSTYYADSVKGRFTISRDNSKNTLYLQMNSLRAEDTAVYYCAKDIQYGNYYYGMDYWGQRTSVTVSS,-0.34405437111854553,-0.34671103954315186,-0.0026566684246063232,-0.0026566684246063232
CDR3_P103GN,CDR3,103,G,N,EVQLVESGGGLVQPGGSLRLSCAASGFTFSSYAMSWVRQAPGKGLEWVSAISGSGGSTYYADSVKGRFTISRDNSKNTLYLQMNSLRAEDTAVYYCAKDIQYNNYYYGMDYWGQGTSVTVSS,-0.34405437111854553,-0.34671276807785034,-0.0026583969593048096,-0.0026583969593048096
CDR3_P106YT,CDR3,106,Y,T,EVQLVESGGGLVQPGGSLRLSCAASGFTFSSYAMSWVRQAPGKGLEWVSAISGSGGSTYYADSVKGRFTISRDNSKNTLYLQMNSLRAEDTAVYYCAKDIQYGNYTYGMDYWGQGTSVTVSS,-0.34405437111854553,-0.3467840850353241,-0.0027297139167785645,-0.0027297139167785645
CDR3_P99DR,CDR3,99,D,R,EVQLVESGGGLVQPGGSLRLSCAASGFTFSSYAMSWVRQAPGKGLEWVSAISGSGGSTYYADSVKGRFTISRDNSKNTLYLQMNSLRAEDTAVYYCAKRIQYGNYYYGMDYWGQGTSVTVSS,-0.34405437111854553,-0.3468068838119507,-0.0027525126934051514,-0.0027525126934051514
CDR3_P115GL,CDR3,115,G,L,EVQLVESGGGLVQPGGSLRLSCAASGFTFSSYAMSWVRQAPGKGLEWVSAISGSGGSTYYADSVKGRFTISRDNSKNTLYLQMNSLRAEDTAVYYCAKDIQYGNYYYGMDYWGQLTSVTVSS,-0.34405437111854553,-0.3468438386917114,-0.0027894675731658936,-0.0027894675731658936
CDR3_P107YR,CDR3,107,Y,R,EVQLVESGGGLVQPGGSLRLSCAASGFTFSSYAMSWVRQAPGKGLEWVSAISGSGGSTYYADSVKGRFTISRDNSKNTLYLQMNSLRAEDTAVYYCAKDIQYGNYYRGMDYWGQGTSVTVSS,-0.34405437111854553,-0.34688323736190796,-0.0028288662433624268,-0.0028288662433624268
CDR3_P114QI,CDR3,114,Q,I,EVQLVESGGGLVQPGGSLRLSCAASGFTFSSYAMSWVRQAPGKGLEWVSAISGSGGSTYYADSVKGRFTISRDNSKNTLYLQMNSLRAEDTAVYYCAKDIQYGNYYYGMDYWGIGTSVTVSS,-0.34405437111854553,-0.3469439744949341,-0.00288960337638855,-0.00288960337638855
CDR3_P99DA,CDR3,99,D,A,EVQLVESGGGLVQPGGSLRLSCAASGFTFSSYAMSWVRQAPGKGLEWVSAISGSGGSTYYADSVKGRFTISRDNSKNTLYLQMNSLRAEDTAVYYCAKAIQYGNYYYGMDYWGQGTSVTVSS,-0.34405437111854553,-0.34695035219192505,-0.0028959810733795166,-0.0028959810733795166
CDR3_P110DM,CDR3,110,D,M,EVQLVESGGGLVQPGGSLRLSCAASGFTFSSYAMSWVRQAPGKGLEWVSAISGSGGSTYYADSVKGRFTISRDNSKNTLYLQMNSLRAEDTAVYYCAKDIQYGNYYYGMMYWGQGTSVTVSS,-0.34405437111854553,-0.34701019525527954,-0.002955824136734009,-0.002955824136734009
CDR3_P99DE,CDR3,99,D,E,EVQLVESGGGLVQPGGSLRLSCAASGFTFSSYAMSWVRQAPGKGLEWVSAISGSGGSTYYADSVKGRFTISRDNSKNTLYLQMNSLRAEDTAVYYCAKEIQYGNYYYGMDYWGQGTSVTVSS,-0.34405437111854553,-0.3470189571380615,-0.002964586019515991,-0.002964586019515991
CDR3_P111YT,CDR3,111,Y,T,EVQLVESGGGLVQPGGSLRLSCAASGFTFSSYAMSWVRQAPGKGLEWVSAISGSGGSTYYADSVKGRFTISRDNSKNTLYLQMNSLRAEDTAVYYCAKDIQYGNYYYGMDTWGQGTSVTVSS,-0.34405437111854553,-0.34706658124923706,-0.0030122101306915283,-0.0030122101306915283
CDR3_P115GQ,CDR3,115,G,Q,EVQLVESGGGLVQPGGSLRLSCAASGFTFSSYAMSWVRQAPGKGLEWVSAISGSGGSTYYADSVKGRFTISRDNSKNTLYLQMNSLRAEDTAVYYCAKDIQYGNYYYGMDYWGQQTSVTVSS,-0.34405437111854553,-0.3470694124698639,-0.0030150413513183594,-0.0030150413513183594
CDR3_P105YD,CDR3,105,Y,D,EVQLVESGGGLVQPGGSLRLSCAASGFTFSSYAMSWVRQAPGKGLEWVSAISGSGGSTYYADSVKGRFTISRDNSKNTLYLQMNSLRAEDTAVYYCAKDIQYGNDYYGMDYWGQGTSVTVSS,-0.34405437111854553,-0.34707576036453247,-0.0030213892459869385,-0.0030213892459869385
CDR3_P101QM,CDR3,101,Q,M,EVQLVESGGGLVQPGGSLRLSCAASGFTFSSYAMSWVRQAPGKGLEWVSAISGSGGSTYYADSVKGRFTISRDNSKNTLYLQMNSLRAEDTAVYYCAKDIMYGNYYYGMDYWGQGTSVTVSS,-0.34405437111854553,-0.3471696972846985,-0.003115326166152954,-0.003115326166152954
CDR3_P107YQ,CDR3,107,Y,Q,EVQLVESGGGLVQPGGSLRLSCAASGFTFSSYAMSWVRQAPGKGLEWVSAISGSGGSTYYADSVKGRFTISRDNSKNTLYLQMNSLRAEDTAVYYCAKDIQYGNYYQGMDYWGQGTSVTVSS,-0.34405437111854553,-0.3471715748310089,-0.003117203712463379,-0.003117203712463379
CDR3_P113GK,CDR3,113,G,K,EVQLVESGGGLVQPGGSLRLSCAASGFTFSSYAMSWVRQAPGKGLEWVSAISGSGGSTYYADSVKGRFTISRDNSKNTLYLQMNSLRAEDTAVYYCAKDIQYGNYYYGMDYWKQGTSVTVSS,-0.34405437111854553,-0.3471781611442566,-0.0031237900257110596,-0.0031237900257110596
CDR3_P103GQ,CDR3,103,G,Q,EVQLVESGGGLVQPGGSLRLSCAASGFTFSSYAMSWVRQAPGKGLEWVSAISGSGGSTYYADSVKGRFTISRDNSKNTLYLQMNSLRAEDTAVYYCAKDIQYQNYYYGMDYWGQGTSVTVSS,-0.34405437111854553,-0.34719711542129517,-0.003142744302749634,-0.003142744302749634
CDR3_P113GR,CDR3,113,G,R,EVQLVESGGGLVQPGGSLRLSCAASGFTFSSYAMSWVRQAPGKGLEWVSAISGSGGSTYYADSVKGRFTISRDNSKNTLYLQMNSLRAEDTAVYYCAKDIQYGNYYYGMDYWRQGTSVTVSS,-0.34405437111854553,-0.34720227122306824,-0.003147900104522705,-0.003147900104522705
CDR3_P105YR,CDR3,105,Y,R,EVQLVESGGGLVQPGGSLRLSCAASGFTFSSYAMSWVRQAPGKGLEWVSAISGSGGSTYYADSVKGRFTISRDNSKNTLYLQMNSLRAEDTAVYYCAKDIQYGNRYYGMDYWGQGTSVTVSS,-0.34405437111854553,-0.3472133278846741,-0.00315895676612854,-0.00315895676612854
CDR3_P108GN,CDR3,108,G,N,EVQLVESGGGLVQPGGSLRLSCAASGFTFSSYAMSWVRQAPGKGLEWVSAISGSGGSTYYADSVKGRFTISRDNSKNTLYLQMNSLRAEDTAVYYCAKDIQYGNYYYNMDYWGQGTSVTVSS,-0.34405437111854553,-0.3473185896873474,-0.00326421856880188,-0.00326421856880188
CDR3_P111YL,CDR3,111,Y,L,EVQLVESGGGLVQPGGSLRLSCAASGFTFSSYAMSWVRQAPGKGLEWVSAISGSGGSTYYADSVKGRFTISRDNSKNTLYLQMNSLRAEDTAVYYCAKDIQYGNYYYGMDLWGQGTSVTVSS,-0.34405437111854553,-0.34732183814048767,-0.0032674670219421387,-0.0032674670219421387
CDR3_P111YA,CDR3,111,Y,A,EVQLVESGGGLVQPGGSLRLSCAASGFTFSSYAMSWVRQAPGKGLEWVSAISGSGGSTYYADSVKGRFTISRDNSKNTLYLQMNSLRAEDTAVYYCAKDIQYGNYYYGMDAWGQGTSVTVSS,-0.34405437111854553,-0.34732943773269653,-0.003275066614151001,-0.003275066614151001
CDR3_P103GD,CDR3,103,G,D,EVQLVESGGGLVQPGGSLRLSCAASGFTFSSYAMSWVRQAPGKGLEWVSAISGSGGSTYYADSVKGRFTISRDNSKNTLYLQMNSLRAEDTAVYYCAKDIQYDNYYYGMDYWGQGTSVTVSS,-0.34405437111854553,-0.34740376472473145,-0.003349393606185913,-0.003349393606185913
CDR3_P108GT,CDR3,108,G,T,EVQLVESGGGLVQPGGSLRLSCAASGFTFSSYAMSWVRQAPGKGLEWVSAISGSGGSTYYADSVKGRFTISRDNSKNTLYLQMNSLRAEDTAVYYCAKDIQYGNYYYTMDYWGQGTSVTVSS,-0.34405437111854553,-0.3474944829940796,-0.0034401118755340576,-0.0034401118755340576
CDR3_P107YI,CDR3,107,Y,I,EVQLVESGGGLVQPGGSLRLSCAASGFTFSSYAMSWVRQAPGKGLEWVSAISGSGGSTYYADSVKGRFTISRDNSKNTLYLQMNSLRAEDTAVYYCAKDIQYGNYYIGMDYWGQGTSVTVSS,-0.34405437111854553,-0.3475140929222107,-0.003459721803665161,-0.003459721803665161
CDR3_P100ID,CDR3,100,I,D,EVQLVESGGGLVQPGGSLRLSCAASGFTFSSYAMSWVRQAPGKGLEWVSAISGSGGSTYYADSVKGRFTISRDNSKNTLYLQMNSLRAEDTAVYYCAKDDQYGNYYYGMDYWGQGTSVTVSS,-0.34405437111854553,-0.347535103559494,-0.0034807324409484863,-0.0034807324409484863
CDR3_P103GE,CDR3,103,G,E,EVQLVESGGGLVQPGGSLRLSCAASGFTFSSYAMSWVRQAPGKGLEWVSAISGSGGSTYYADSVKGRFTISRDNSKNTLYLQMNSLRAEDTAVYYCAKDIQYENYYYGMDYWGQGTSVTVSS,-0.34405437111854553,-0.34760117530822754,-0.003546804189682007,-0.003546804189682007
CDR3_P98KH,CDR3,98,K,H,EVQLVESGGGLVQPGGSLRLSCAASGFTFSSYAMSWVRQAPGKGLEWVSAISGSGGSTYYADSVKGRFTISRDNSKNTLYLQMNSLRAEDTAVYYCAHDIQYGNYYYGMDYWGQGTSVTVSS,-0.34405437111854553,-0.3477115035057068,-0.003657132387161255,-0.003657132387161255
CDR3_P106YA,CDR3,106,Y,A,EVQLVESGGGLVQPGGSLRLSCAASGFTFSSYAMSWVRQAPGKGLEWVSAISGSGGSTYYADSVKGRFTISRDNSKNTLYLQMNSLRAEDTAVYYCAKDIQYGNYAYGMDYWGQGTSVTVSS,-0.34405437111854553,-0.3477232754230499,-0.0036689043045043945,-0.0036689043045043945
CDR3_P114QH,CDR3,114,Q,H,EVQLVESGGGLVQPGGSLRLSCAASGFTFSSYAMSWVRQAPGKGLEWVSAISGSGGSTYYADSVKGRFTISRDNSKNTLYLQMNSLRAEDTAVYYCAKDIQYGNYYYGMDYWGHGTSVTVSS,-0.34405437111854553,-0.34774285554885864,-0.0036884844303131104,-0.0036884844303131104
CDR3_P113GM,CDR3,113,G,M,EVQLVESGGGLVQPGGSLRLSCAASGFTFSSYAMSWVRQAPGKGLEWVSAISGSGGSTYYADSVKGRFTISRDNSKNTLYLQMNSLRAEDTAVYYCAKDIQYGNYYYGMDYWMQGTSVTVSS,-0.34405437111854553,-0.3477787971496582,-0.003724426031112671,-0.003724426031112671
CDR3_P112WI,CDR3,112,W,I,EVQLVESGGGLVQPGGSLRLSCAASGFTFSSYAMSWVRQAPGKGLEWVSAISGSGGSTYYADSVKGRFTISRDNSKNTLYLQMNSLRAEDTAVYYCAKDIQYGNYYYGMDYIGQGTSVTVSS,-0.34405437111854553,-0.3477848172187805,-0.0037304461002349854,-0.0037304461002349854
CDR3_P112WH,CDR3,112,W,H,EVQLVESGGGLVQPGGSLRLSCAASGFTFSSYAMSWVRQAPGKGLEWVSAISGSGGSTYYADSVKGRFTISRDNSKNTLYLQMNSLRAEDTAVYYCAKDIQYGNYYYGMDYHGQGTSVTVSS,-0.34405437111854553,-0.34784260392189026,-0.0037882328033447266,-0.0037882328033447266
CDR3_P106YN,CDR3,106,Y,N,EVQLVESGGGLVQPGGSLRLSCAASGFTFSSYAMSWVRQAPGKGLEWVSAISGSGGSTYYADSVKGRFTISRDNSKNTLYLQMNSLRAEDTAVYYCAKDIQYGNYNYGMDYWGQGTSVTVSS,-0.34405437111854553,-0.3478899598121643,-0.0038355886936187744,-0.0038355886936187744
CDR3_P108GF,CDR3,108,G,F,EVQLVESGGGLVQPGGSLRLSCAASGFTFSSYAMSWVRQAPGKGLEWVSAISGSGGSTYYADSVKGRFTISRDNSKNTLYLQMNSLRAEDTAVYYCAKDIQYGNYYYFMDYWGQGTSVTVSS,-0.34405437111854553,-0.3478996455669403,-0.0038452744483947754,-0.0038452744483947754
CDR3_P103GV,CDR3,103,G,V,EVQLVESGGGLVQPGGSLRLSCAASGFTFSSYAMSWVRQAPGKGLEWVSAISGSGGSTYYADSVKGRFTISRDNSKNTLYLQMNSLRAEDTAVYYCAKDIQYVNYYYGMDYWGQGTSVTVSS,-0.34405437111854553,-0.3479228615760803,-0.00386849045753479,-0.00386849045753479
CDR3_P113GD,CDR3,113,G,D,EVQLVESGGGLVQPGGSLRLSCAASGFTFSSYAMSWVRQAPGKGLEWVSAISGSGGSTYYADSVKGRFTISRDNSKNTLYLQMNSLRAEDTAVYYCAKDIQYGNYYYGMDYWDQGTSVTVSS,-0.34405437111854553,-0.34793034195899963,-0.0038759708404541016,-0.0038759708404541016
CDR3_P114QM,CDR3,114,Q,M,EVQLVESGGGLVQPGGSLRLSCAASGFTFSSYAMSWVRQAPGKGLEWVSAISGSGGSTYYADSVKGRFTISRDNSKNTLYLQMNSLRAEDTAVYYCAKDIQYGNYYYGMDYWGMGTSVTVSS,-0.34405437111854553,-0.34797462821006775,-0.003920257091522217,-0.003920257091522217
CDR3_P113GQ,CDR3,113,G,Q,EVQLVESGGGLVQPGGSLRLSCAASGFTFSSYAMSWVRQAPGKGLEWVSAISGSGGSTYYADSVKGRFTISRDNSKNTLYLQMNSLRAEDTAVYYCAKDIQYGNYYYGMDYWQQGTSVTVSS,-0.34405437111854553,-0.34797632694244385,-0.003921955823898315,-0.003921955823898315
CDR3_P107YD,CDR3,107,Y,D,EVQLVESGGGLVQPGGSLRLSCAASGFTFSSYAMSWVRQAPGKGLEWVSAISGSGGSTYYADSVKGRFTISRDNSKNTLYLQMNSLRAEDTAVYYCAKDIQYGNYYDGMDYWGQGTSVTVSS,-0.34405437111854553,-0.3479785919189453,-0.00392422080039978,-0.00392422080039978
CDR3_P97AV,CDR3,97,A,V,EVQLVESGGGLVQPGGSLRLSCAASGFTFSSYAMSWVRQAPGKGLEWVSAISGSGGSTYYADSVKGRFTISRDNSKNTLYLQMNSLRAEDTAVYYCVKDIQYGNYYYGMDYWGQGTSVTVSS,-0.34405437111854553,-0.34803348779678345,-0.003979116678237915,-0.003979116678237915
CDR3_P108GR,CDR3,108,G,R,EVQLVESGGGLVQPGGSLRLSCAASGFTFSSYAMSWVRQAPGKGLEWVSAISGSGGSTYYADSVKGRFTISRDNSKNTLYLQMNSLRAEDTAVYYCAKDIQYGNYYYRMDYWGQGTSVTVSS,-0.34405437111854553,-0.34806114435195923,-0.004006773233413696,-0.004006773233413696
CDR3_P111YR,CDR3,111,Y,R,EVQLVESGGGLVQPGGSLRLSCAASGFTFSSYAMSWVRQAPGKGLEWVSAISGSGGSTYYADSVKGRFTISRDNSKNTLYLQMNSLRAEDTAVYYCAKDIQYGNYYYGMDRWGQGTSVTVSS,-0.34405437111854553,-0.3481152355670929,-0.004060864448547363,-0.004060864448547363
CDR3_P111YF,CDR3,111,Y,F,EVQLVESGGGLVQPGGSLRLSCAASGFTFSSYAMSWVRQAPGKGLEWVSAISGSGGSTYYADSVKGRFTISRDNSKNTLYLQMNSLRAEDTAVYYCAKDIQYGNYYYGMDFWGQGTSVTVSS,-0.34405437111854553,-0.3481299579143524,-0.004075586795806885,-0.004075586795806885
CDR3_P100IM,CDR3,100,I,M,EVQLVESGGGLVQPGGSLRLSCAASGFTFSSYAMSWVRQAPGKGLEWVSAISGSGGSTYYADSVKGRFTISRDNSKNTLYLQMNSLRAEDTAVYYCAKDMQYGNYYYGMDYWGQGTSVTVSS,-0.34405437111854553,-0.3481800854206085,-0.004125714302062988,-0.004125714302062988
CDR3_P115GF,CDR3,115,G,F,EVQLVESGGGLVQPGGSLRLSCAASGFTFSSYAMSWVRQAPGKGLEWVSAISGSGGSTYYADSVKGRFTISRDNSKNTLYLQMNSLRAEDTAVYYCAKDIQYGNYYYGMDYWGQFTSVTVSS,-0.34405437111854553,-0.34819144010543823,-0.0041370689868927,-0.0041370689868927
CDR3_P104NM,CDR3,104,N,M,EVQLVESGGGLVQPGGSLRLSCAASGFTFSSYAMSWVRQAPGKGLEWVSAISGSGGSTYYADSVKGRFTISRDNSKNTLYLQMNSLRAEDTAVYYCAKDIQYGMYYYGMDYWGQGTSVTVSS,-0.34405437111854553,-0.34823620319366455,-0.0041818320751190186,-0.0041818320751190186
CDR3_P104NH,CDR3,104,N,H,EVQLVESGGGLVQPGGSLRLSCAASGFTFSSYAMSWVRQAPGKGLEWVSAISGSGGSTYYADSVKGRFTISRDNSKNTLYLQMNSLRAEDTAVYYCAKDIQYGHYYYGMDYWGQGTSVTVSS,-0.34405437111854553,-0.3482607901096344,-0.004206418991088867,-0.004206418991088867
CDR3_P99DV,CDR3,99,D,V,EVQLVESGGGLVQPGGSLRLSCAASGFTFSSYAMSWVRQAPGKGLEWVSAISGSGGSTYYADSVKGRFTISRDNSKNTLYLQMNSLRAEDTAVYYCAKVIQYGNYYYGMDYWGQGTSVTVSS,-0.34405437111854553,-0.34826353192329407,-0.004209160804748535,-0.004209160804748535
CDR3_P113GP,CDR3,113,G,P,EVQLVESGGGLVQPGGSLRLSCAASGFTFSSYAMSWVRQAPGKGLEWVSAISGSGGSTYYADSVKGRFTISRDNSKNTLYLQMNSLRAEDTAVYYCAKDIQYGNYYYGMDYWPQGTSVTVSS,-0.34405437111854553,-0.3483028709888458,-0.004248499870300293,-0.004248499870300293
CDR3_P106YR,CDR3,106,Y,R,EVQLVESGGGLVQPGGSLRLSCAASGFTFSSYAMSWVRQAPGKGLEWVSAISGSGGSTYYADSVKGRFTISRDNSKNTLYLQMNSLRAEDTAVYYCAKDIQYGNYRYGMDYWGQGTSVTVSS,-0.34405437111854553,-0.34830307960510254,-0.004248708486557007,-0.004248708486557007
CDR3_P108GA,CDR3,108,G,A,EVQLVESGGGLVQPGGSLRLSCAASGFTFSSYAMSWVRQAPGKGLEWVSAISGSGGSTYYADSVKGRFTISRDNSKNTLYLQMNSLRAEDTAVYYCAKDIQYGNYYYAMDYWGQGTSVTVSS,-0.34405437111854553,-0.3483056426048279,-0.004251271486282349,-0.004251271486282349
CDR3_P99DW,CDR3,99,D,W,EVQLVESGGGLVQPGGSLRLSCAASGFTFSSYAMSWVRQAPGKGLEWVSAISGSGGSTYYADSVKGRFTISRDNSKNTLYLQMNSLRAEDTAVYYCAKWIQYGNYYYGMDYWGQGTSVTVSS,-0.34405437111854553,-0.3483629524707794,-0.004308581352233887,-0.004308581352233887
CDR3_P106YK,CDR3,106,Y,K,EVQLVESGGGLVQPGGSLRLSCAASGFTFSSYAMSWVRQAPGKGLEWVSAISGSGGSTYYADSVKGRFTISRDNSKNTLYLQMNSLRAEDTAVYYCAKDIQYGNYKYGMDYWGQGTSVTVSS,-0.34405437111854553,-0.34844645857810974,-0.004392087459564209,-0.004392087459564209
CDR3_P110DH,CDR3,110,D,H,EVQLVESGGGLVQPGGSLRLSCAASGFTFSSYAMSWVRQAPGKGLEWVSAISGSGGSTYYADSVKGRFTISRDNSKNTLYLQMNSLRAEDTAVYYCAKDIQYGNYYYGMHYWGQGTSVTVSS,-0.34405437111854553,-0.348520964384079,-0.004466593265533447,-0.004466593265533447
CDR3_P102YV,CDR3,102,Y,V,EVQLVESGGGLVQPGGSLRLSCAASGFTFSSYAMSWVRQAPGKGLEWVSAISGSGGSTYYADSVKGRFTISRDNSKNTLYLQMNSLRAEDTAVYYCAKDIQVGNYYYGMDYWGQGTSVTVSS,-0.34405437111854553,-0.3485432267189026,-0.004488855600357056,-0.004488855600357056
CDR3_P107YE,CDR3,107,Y,E,EVQLVESGGGLVQPGGSLRLSCAASGFTFSSYAMSWVRQAPGKGLEWVSAISGSGGSTYYADSVKGRFTISRDNSKNTLYLQMNSLRAEDTAVYYCAKDIQYGNYYEGMDYWGQGTSVTVSS,-0.34405437111854553,-0.34855353832244873,-0.004499167203903198,-0.004499167203903198
CDR3_P112WC,CDR3,112,W,C,EVQLVESGGGLVQPGGSLRLSCAASGFTFSSYAMSWVRQAPGKGLEWVSAISGSGGSTYYADSVKGRFTISRDNSKNTLYLQMNSLRAEDTAVYYCAKDIQYGNYYYGMDYCGQGTSVTVSS,-0.34405437111854553,-0.34861627221107483,-0.004561901092529297,-0.004561901092529297
CDR3_P115GD,CDR3,115,G,D,EVQLVESGGGLVQPGGSLRLSCAASGFTFSSYAMSWVRQAPGKGLEWVSAISGSGGSTYYADSVKGRFTISRDNSKNTLYLQMNSLRAEDTAVYYCAKDIQYGNYYYGMDYWGQDTSVTVSS,-0.34405437111854553,-0.34862542152404785,-0.004571050405502319,-0.004571050405502319
CDR3_P108GL,CDR3,108,G,L,EVQLVESGGGLVQPGGSLRLSCAASGFTFSSYAMSWVRQAPGKGLEWVSAISGSGGSTYYADSVKGRFTISRDNSKNTLYLQMNSLRAEDTAVYYCAKDIQYGNYYYLMDYWGQGTSVTVSS,-0.34405437111854553,-0.3486497402191162,-0.004595369100570679,-0.004595369100570679
CDR3_P106YI,CDR3,106,Y,I,EVQLVESGGGLVQPGGSLRLSCAASGFTFSSYAMSWVRQAPGKGLEWVSAISGSGGSTYYADSVKGRFTISRDNSKNTLYLQMNSLRAEDTAVYYCAKDIQYGNYIYGMDYWGQGTSVTVSS,-0.34405437111854553,-0.3486587703227997,-0.00460439920425415,-0.00460439920425415
CDR3_P100IH,CDR3,100,I,H,EVQLVESGGGLVQPGGSLRLSCAASGFTFSSYAMSWVRQAPGKGLEWVSAISGSGGSTYYADSVKGRFTISRDNSKNTLYLQMNSLRAEDTAVYYCAKDHQYGNYYYGMDYWGQGTSVTVSS,-0.34405437111854553,-0.3487207889556885,-0.004666417837142944,-0.004666417837142944
CDR3_P108GP,CDR3,108,G,P,EVQLVESGGGLVQPGGSLRLSCAASGFTFSSYAMSWVRQAPGKGLEWVSAISGSGGSTYYADSVKGRFTISRDNSKNTLYLQMNSLRAEDTAVYYCAKDIQYGNYYYPMDYWGQGTSVTVSS,-0.34405437111854553,-0.34872621297836304,-0.004671841859817505,-0.004671841859817505
CDR3_P108GW,CDR3,108,G,W,EVQLVESGGGLVQPGGSLRLSCAASGFTFSSYAMSWVRQAPGKGLEWVSAISGSGGSTYYADSVKGRFTISRDNSKNTLYLQMNSLRAEDTAVYYCAKDIQYGNYYYWMDYWGQGTSVTVSS,-0.34405437111854553,-0.34873026609420776,-0.0046758949756622314,-0.0046758949756622314
CDR3_P108GK,CDR3,108,G,K,EVQLVESGGGLVQPGGSLRLSCAASGFTFSSYAMSWVRQAPGKGLEWVSAISGSGGSTYYADSVKGRFTISRDNSKNTLYLQMNSLRAEDTAVYYCAKDIQYGNYYYKMDYWGQGTSVTVSS,-0.34405437111854553,-0.34879153966903687,-0.004737168550491333,-0.004737168550491333
CDR3_P99DQ,CDR3,99,D,Q,EVQLVESGGGLVQPGGSLRLSCAASGFTFSSYAMSWVRQAPGKGLEWVSAISGSGGSTYYADSVKGRFTISRDNSKNTLYLQMNSLRAEDTAVYYCAKQIQYGNYYYGMDYWGQGTSVTVSS,-0.34405437111854553,-0.3488536477088928,-0.00479927659034729,-0.00479927659034729
CDR3_P103GF,CDR3,103,G,F,EVQLVESGGGLVQPGGSLRLSCAASGFTFSSYAMSWVRQAPGKGLEWVSAISGSGGSTYYADSVKGRFTISRDNSKNTLYLQMNSLRAEDTAVYYCAKDIQYFNYYYGMDYWGQGTSVTVSS,-0.34405437111854553,-0.34890666604042053,-0.004852294921875,-0.004852294921875
CDR3_P108GV,CDR3,108,G,V,EVQLVESGGGLVQPGGSLRLSCAASGFTFSSYAMSWVRQAPGKGLEWVSAISGSGGSTYYADSVKGRFTISRDNSKNTLYLQMNSLRAEDTAVYYCAKDIQYGNYYYVMDYWGQGTSVTVSS,-0.34405437111854553,-0.34894508123397827,-0.004890710115432739,-0.004890710115432739
CDR3_P108GD,CDR3,108,G,D,EVQLVESGGGLVQPGGSLRLSCAASGFTFSSYAMSWVRQAPGKGLEWVSAISGSGGSTYYADSVKGRFTISRDNSKNTLYLQMNSLRAEDTAVYYCAKDIQYGNYYYDMDYWGQGTSVTVSS,-0.34405437111854553,-0.34895744919776917,-0.004903078079223633,-0.004903078079223633
CDR3_P102YI,CDR3,102,Y,I,EVQLVESGGGLVQPGGSLRLSCAASGFTFSSYAMSWVRQAPGKGLEWVSAISGSGGSTYYADSVKGRFTISRDNSKNTLYLQMNSLRAEDTAVYYCAKDIQIGNYYYGMDYWGQGTSVTVSS,-0.34405437111854553,-0.3489874601364136,-0.004933089017868042,-0.004933089017868042
CDR3_P99DK,CDR3,99,D,K,EVQLVESGGGLVQPGGSLRLSCAASGFTFSSYAMSWVRQAPGKGLEWVSAISGSGGSTYYADSVKGRFTISRDNSKNTLYLQMNSLRAEDTAVYYCAKKIQYGNYYYGMDYWGQGTSVTVSS,-0.34405437111854553,-0.3490423858165741,-0.0049880146980285645,-0.0049880146980285645
CDR3_P105YQ,CDR3,105,Y,Q,EVQLVESGGGLVQPGGSLRLSCAASGFTFSSYAMSWVRQAPGKGLEWVSAISGSGGSTYYADSVKGRFTISRDNSKNTLYLQMNSLRAEDTAVYYCAKDIQYGNQYYGMDYWGQGTSVTVSS,-0.34405437111854553,-0.34910377860069275,-0.005049407482147217,-0.005049407482147217
CDR3_P105YM,CDR3,105,Y,M,EVQLVESGGGLVQPGGSLRLSCAASGFTFSSYAMSWVRQAPGKGLEWVSAISGSGGSTYYADSVKGRFTISRDNSKNTLYLQMNSLRAEDTAVYYCAKDIQYGNMYYGMDYWGQGTSVTVSS,-0.34405437111854553,-0.34935200214385986,-0.005297631025314331,-0.005297631025314331
CDR3_P99DL,CDR3,99,D,L,EVQLVESGGGLVQPGGSLRLSCAASGFTFSSYAMSWVRQAPGKGLEWVSAISGSGGSTYYADSVKGRFTISRDNSKNTLYLQMNSLRAEDTAVYYCAKLIQYGNYYYGMDYWGQGTSVTVSS,-0.34405437111854553,-0.34937790036201477,-0.005323529243469238,-0.005323529243469238
CDR3_P115GW,CDR3,115,G,W,EVQLVESGGGLVQPGGSLRLSCAASGFTFSSYAMSWVRQAPGKGLEWVSAISGSGGSTYYADSVKGRFTISRDNSKNTLYLQMNSLRAEDTAVYYCAKDIQYGNYYYGMDYWGQWTSVTVSS,-0.34405437111854553,-0.34938013553619385,-0.005325764417648315,-0.005325764417648315
CDR3_P108GQ,CDR3,108,G,Q,EVQLVESGGGLVQPGGSLRLSCAASGFTFSSYAMSWVRQAPGKGLEWVSAISGSGGSTYYADSVKGRFTISRDNSKNTLYLQMNSLRAEDTAVYYCAKDIQYGNYYYQMDYWGQGTSVTVSS,-0.34405437111854553,-0.34939149022102356,-0.005337119102478027,-0.005337119102478027
CDR3_P111YK,CDR3,111,Y,K,EVQLVESGGGLVQPGGSLRLSCAASGFTFSSYAMSWVRQAPGKGLEWVSAISGSGGSTYYADSVKGRFTISRDNSKNTLYLQMNSLRAEDTAVYYCAKDIQYGNYYYGMDKWGQGTSVTVSS,-0.34405437111854553,-0.34943267703056335,-0.005378305912017822,-0.005378305912017822
CDR3_P113GW,CDR3,113,G,W,EVQLVESGGGLVQPGGSLRLSCAASGFTFSSYAMSWVRQAPGKGLEWVSAISGSGGSTYYADSVKGRFTISRDNSKNTLYLQMNSLRAEDTAVYYCAKDIQYGNYYYGMDYWWQGTSVTVSS,-0.34405437111854553,-0.3494366705417633,-0.0053822994232177734,-0.0053822994232177734
CDR3_P109MC,CDR3,109,M,C,EVQLVESGGGLVQPGGSLRLSCAASGFTFSSYAMSWVRQAPGKGLEWVSAISGSGGSTYYADSVKGRFTISRDNSKNTLYLQMNSLRAEDTAVYYCAKDIQYGNYYYGCDYWGQGTSVTVSS,-0.34405437111854553,-0.34951120615005493,-0.005456835031509399,-0.005456835031509399
CDR3_P106YP,CDR3,106,Y,P,EVQLVESGGGLVQPGGSLRLSCAASGFTFSSYAMSWVRQAPGKGLEWVSAISGSGGSTYYADSVKGRFTISRDNSKNTLYLQMNSLRAEDTAVYYCAKDIQYGNYPYGMDYWGQGTSVTVSS,-0.34405437111854553,-0.34964627027511597,-0.005591899156570435,-0.005591899156570435
CDR3_P104NW,CDR3,104,N,W,EVQLVESGGGLVQPGGSLRLSCAASGFTFSSYAMSWVRQAPGKGLEWVSAISGSGGSTYYADSVKGRFTISRDNSKNTLYLQMNSLRAEDTAVYYCAKDIQYGWYYYGMDYWGQGTSVTVSS,-0.34405437111854553,-0.34969398379325867,-0.005639612674713135,-0.005639612674713135
CDR3_P107YW,CDR3,107,Y,W,EVQLVESGGGLVQPGGSLRLSCAASGFTFSSYAMSWVRQAPGKGLEWVSAISGSGGSTYYADSVKGRFTISRDNSKNTLYLQMNSLRAEDTAVYYCAKDIQYGNYYWGMDYWGQGTSVTVSS,-0.34405437111854553,-0.34976285696029663,-0.005708485841751099,-0.005708485841751099
CDR3_P101QW,CDR3,101,Q,W,EVQLVESGGGLVQPGGSLRLSCAASGFTFSSYAMSWVRQAPGKGLEWVSAISGSGGSTYYADSVKGRFTISRDNSKNTLYLQMNSLRAEDTAVYYCAKDIWYGNYYYGMDYWGQGTSVTVSS,-0.34405437111854553,-0.3497653901576996,-0.005711019039154053,-0.005711019039154053
CDR3_P113GE,CDR3,113,G,E,EVQLVESGGGLVQPGGSLRLSCAASGFTFSSYAMSWVRQAPGKGLEWVSAISGSGGSTYYADSVKGRFTISRDNSKNTLYLQMNSLRAEDTAVYYCAKDIQYGNYYYGMDYWEQGTSVTVSS,-0.34405437111854553,-0.34977468848228455,-0.005720317363739014,-0.005720317363739014
CDR3_P99DH,CDR3,99,D,H,EVQLVESGGGLVQPGGSLRLSCAASGFTFSSYAMSWVRQAPGKGLEWVSAISGSGGSTYYADSVKGRFTISRDNSKNTLYLQMNSLRAEDTAVYYCAKHIQYGNYYYGMDYWGQGTSVTVSS,-0.34405437111854553,-0.34987151622772217,-0.005817145109176636,-0.005817145109176636
CDR3_P112WM,CDR3,112,W,M,EVQLVESGGGLVQPGGSLRLSCAASGFTFSSYAMSWVRQAPGKGLEWVSAISGSGGSTYYADSVKGRFTISRDNSKNTLYLQMNSLRAEDTAVYYCAKDIQYGNYYYGMDYMGQGTSVTVSS,-0.34405437111854553,-0.34987694025039673,-0.005822569131851196,-0.005822569131851196
CDR3_P111YN,CDR3,111,Y,N,EVQLVESGGGLVQPGGSLRLSCAASGFTFSSYAMSWVRQAPGKGLEWVSAISGSGGSTYYADSVKGRFTISRDNSKNTLYLQMNSLRAEDTAVYYCAKDIQYGNYYYGMDNWGQGTSVTVSS,-0.34405437111854553,-0.349905401468277,-0.005851030349731445,-0.005851030349731445
CDR3_P114QC,CDR3,114,Q,C,EVQLVESGGGLVQPGGSLRLSCAASGFTFSSYAMSWVRQAPGKGLEWVSAISGSGGSTYYADSVKGRFTISRDNSKNTLYLQMNSLRAEDTAVYYCAKDIQYGNYYYGMDYWGCGTSVTVSS,-0.34405437111854553,-0.34998196363449097,-0.005927592515945435,-0.005927592515945435
CDR3_P105YE,CDR3,105,Y,E,EVQLVESGGGLVQPGGSLRLSCAASGFTFSSYAMSWVRQAPGKGLEWVSAISGSGGSTYYADSVKGRFTISRDNSKNTLYLQMNSLRAEDTAVYYCAKDIQYGNEYYGMDYWGQGTSVTVSS,-0.34405437111854553,-0.3500327467918396,-0.005978375673294067,-0.005978375673294067
CDR3_P106YQ,CDR3,106,Y,Q,EVQLVESGGGLVQPGGSLRLSCAASGFTFSSYAMSWVRQAPGKGLEWVSAISGSGGSTYYADSVKGRFTISRDNSKNTLYLQMNSLRAEDTAVYYCAKDIQYGNYQYGMDYWGQGTSVTVSS,-0.34405437111854553,-0.3501090407371521,-0.006054669618606567,-0.006054669618606567
CDR3_P107YM,CDR3,107,Y,M,EVQLVESGGGLVQPGGSLRLSCAASGFTFSSYAMSWVRQAPGKGLEWVSAISGSGGSTYYADSVKGRFTISRDNSKNTLYLQMNSLRAEDTAVYYCAKDIQYGNYYMGMDYWGQGTSVTVSS,-0.34405437111854553,-0.35032302141189575,-0.00626865029335022,-0.00626865029335022
CDR3_P106YD,CDR3,106,Y,D,EVQLVESGGGLVQPGGSLRLSCAASGFTFSSYAMSWVRQAPGKGLEWVSAISGSGGSTYYADSVKGRFTISRDNSKNTLYLQMNSLRAEDTAVYYCAKDIQYGNYDYGMDYWGQGTSVTVSS,-0.34405437111854553,-0.35033145546913147,-0.0062770843505859375,-0.0062770843505859375
CDR3_P97AT,CDR3,97,A,T,EVQLVESGGGLVQPGGSLRLSCAASGFTFSSYAMSWVRQAPGKGLEWVSAISGSGGSTYYADSVKGRFTISRDNSKNTLYLQMNSLRAEDTAVYYCTKDIQYGNYYYGMDYWGQGTSVTVSS,-0.34405437111854553,-0.3504303991794586,-0.006376028060913086,-0.006376028060913086
CDR3_P97AE,CDR3,97,A,E,EVQLVESGGGLVQPGGSLRLSCAASGFTFSSYAMSWVRQAPGKGLEWVSAISGSGGSTYYADSVKGRFTISRDNSKNTLYLQMNSLRAEDTAVYYCEKDIQYGNYYYGMDYWGQGTSVTVSS,-0.34405437111854553,-0.35048750042915344,-0.00643312931060791,-0.00643312931060791
CDR3_P103GI,CDR3,103,G,I,EVQLVESGGGLVQPGGSLRLSCAASGFTFSSYAMSWVRQAPGKGLEWVSAISGSGGSTYYADSVKGRFTISRDNSKNTLYLQMNSLRAEDTAVYYCAKDIQYINYYYGMDYWGQGTSVTVSS,-0.34405437111854553,-0.35054200887680054,-0.006487637758255005,-0.006487637758255005
CDR3_P113GC,CDR3,113,G,C,EVQLVESGGGLVQPGGSLRLSCAASGFTFSSYAMSWVRQAPGKGLEWVSAISGSGGSTYYADSVKGRFTISRDNSKNTLYLQMNSLRAEDTAVYYCAKDIQYGNYYYGMDYWCQGTSVTVSS,-0.34405437111854553,-0.350558876991272,-0.00650450587272644,-0.00650450587272644
CDR3_P111YQ,CDR3,111,Y,Q,EVQLVESGGGLVQPGGSLRLSCAASGFTFSSYAMSWVRQAPGKGLEWVSAISGSGGSTYYADSVKGRFTISRDNSKNTLYLQMNSLRAEDTAVYYCAKDIQYGNYYYGMDQWGQGTSVTVSS,-0.34405437111854553,-0.3506067395210266,-0.006552368402481079,-0.006552368402481079
CDR3_P111YW,CDR3,111,Y,W,EVQLVESGGGLVQPGGSLRLSCAASGFTFSSYAMSWVRQAPGKGLEWVSAISGSGGSTYYADSVKGRFTISRDNSKNTLYLQMNSLRAEDTAVYYCAKDIQYGNYYYGMDWWGQGTSVTVSS,-0.34405437111854553,-0.35067853331565857,-0.006624162197113037,-0.006624162197113037
CDR3_P102YM,CDR3,102,Y,M,EVQLVESGGGLVQPGGSLRLSCAASGFTFSSYAMSWVRQAPGKGLEWVSAISGSGGSTYYADSVKGRFTISRDNSKNTLYLQMNSLRAEDTAVYYCAKDIQMGNYYYGMDYWGQGTSVTVSS,-0.34405437111854553,-0.3507345914840698,-0.006680220365524292,-0.006680220365524292
CDR3_P100IW,CDR3,100,I,W,EVQLVESGGGLVQPGGSLRLSCAASGFTFSSYAMSWVRQAPGKGLEWVSAISGSGGSTYYADSVKGRFTISRDNSKNTLYLQMNSLRAEDTAVYYCAKDWQYGNYYYGMDYWGQGTSVTVSS,-0.34405437111854553,-0.350774884223938,-0.006720513105392456,-0.006720513105392456
CDR3_P103GH,CDR3,103,G,H,EVQLVESGGGLVQPGGSLRLSCAASGFTFSSYAMSWVRQAPGKGLEWVSAISGSGGSTYYADSVKGRFTISRDNSKNTLYLQMNSLRAEDTAVYYCAKDIQYHNYYYGMDYWGQGTSVTVSS,-0.34405437111854553,-0.350787490606308,-0.006733119487762451,-0.006733119487762451
CDR3_P107YH,CDR3,107,Y,H,EVQLVESGGGLVQPGGSLRLSCAASGFTFSSYAMSWVRQAPGKGLEWVSAISGSGGSTYYADSVKGRFTISRDNSKNTLYLQMNSLRAEDTAVYYCAKDIQYGNYYHGMDYWGQGTSVTVSS,-0.34405437111854553,-0.35079285502433777,-0.006738483905792236,-0.006738483905792236
CDR3_P97AC,CDR3,97,A,C,EVQLVESGGGLVQPGGSLRLSCAASGFTFSSYAMSWVRQAPGKGLEWVSAISGSGGSTYYADSVKGRFTISRDNSKNTLYLQMNSLRAEDTAVYYCCKDIQYGNYYYGMDYWGQGTSVTVSS,-0.34405437111854553,-0.3508293926715851,-0.006775021553039551,-0.006775021553039551
CDR3_P106YH,CDR3,106,Y,H,EVQLVESGGGLVQPGGSLRLSCAASGFTFSSYAMSWVRQAPGKGLEWVSAISGSGGSTYYADSVKGRFTISRDNSKNTLYLQMNSLRAEDTAVYYCAKDIQYGNYHYGMDYWGQGTSVTVSS,-0.34405437111854553,-0.35089197754859924,-0.006837606430053711,-0.006837606430053711
CDR3_P99DM,CDR3,99,D,M,EVQLVESGGGLVQPGGSLRLSCAASGFTFSSYAMSWVRQAPGKGLEWVSAISGSGGSTYYADSVKGRFTISRDNSKNTLYLQMNSLRAEDTAVYYCAKMIQYGNYYYGMDYWGQGTSVTVSS,-0.34405437111854553,-0.3509075343608856,-0.006853163242340088,-0.006853163242340088
CDR3_P106YW,CDR3,106,Y,W,EVQLVESGGGLVQPGGSLRLSCAASGFTFSSYAMSWVRQAPGKGLEWVSAISGSGGSTYYADSVKGRFTISRDNSKNTLYLQMNSLRAEDTAVYYCAKDIQYGNYWYGMDYWGQGTSVTVSS,-0.34405437111854553,-0.350954532623291,-0.006900161504745483,-0.006900161504745483
CDR3_P113GH,CDR3,113,G,H,EVQLVESGGGLVQPGGSLRLSCAASGFTFSSYAMSWVRQAPGKGLEWVSAISGSGGSTYYADSVKGRFTISRDNSKNTLYLQMNSLRAEDTAVYYCAKDIQYGNYYYGMDYWHQGTSVTVSS,-0.34405437111854553,-0.35101720690727234,-0.006962835788726807,-0.006962835788726807
CDR3_P115GM,CDR3,115,G,M,EVQLVESGGGLVQPGGSLRLSCAASGFTFSSYAMSWVRQAPGKGLEWVSAISGSGGSTYYADSVKGRFTISRDNSKNTLYLQMNSLRAEDTAVYYCAKDIQYGNYYYGMDYWGQMTSVTVSS,-0.34405437111854553,-0.35111311078071594,-0.00705873966217041,-0.00705873966217041
CDR3_P97AN,CDR3,97,A,N,EVQLVESGGGLVQPGGSLRLSCAASGFTFSSYAMSWVRQAPGKGLEWVSAISGSGGSTYYADSVKGRFTISRDNSKNTLYLQMNSLRAEDTAVYYCNKDIQYGNYYYGMDYWGQGTSVTVSS,-0.34405437111854553,-0.35130536556243896,-0.007250994443893433,-0.007250994443893433
CDR3_P108GH,CDR3,108,G,H,EVQLVESGGGLVQPGGSLRLSCAASGFTFSSYAMSWVRQAPGKGLEWVSAISGSGGSTYYADSVKGRFTISRDNSKNTLYLQMNSLRAEDTAVYYCAKDIQYGNYYYHMDYWGQGTSVTVSS,-0.34405437111854553,-0.351336807012558,-0.007282435894012451,-0.007282435894012451
CDR3_P108GE,CDR3,108,G,E,EVQLVESGGGLVQPGGSLRLSCAASGFTFSSYAMSWVRQAPGKGLEWVSAISGSGGSTYYADSVKGRFTISRDNSKNTLYLQMNSLRAEDTAVYYCAKDIQYGNYYYEMDYWGQGTSVTVSS,-0.34405437111854553,-0.3515150845050812,-0.0074607133865356445,-0.0074607133865356445
CDR3_P111YE,CDR3,111,Y,E,EVQLVESGGGLVQPGGSLRLSCAASGFTFSSYAMSWVRQAPGKGLEWVSAISGSGGSTYYADSVKGRFTISRDNSKNTLYLQMNSLRAEDTAVYYCAKDIQYGNYYYGMDEWGQGTSVTVSS,-0.34405437111854553,-0.35153529047966003,-0.007480919361114502,-0.007480919361114502
CDR3_P104NC,CDR3,104,N,C,EVQLVESGGGLVQPGGSLRLSCAASGFTFSSYAMSWVRQAPGKGLEWVSAISGSGGSTYYADSVKGRFTISRDNSKNTLYLQMNSLRAEDTAVYYCAKDIQYGCYYYGMDYWGQGTSVTVSS,-0.34405437111854553,-0.3516370952129364,-0.007582724094390869,-0.007582724094390869
CDR3_P111YD,CDR3,111,Y,D,EVQLVESGGGLVQPGGSLRLSCAASGFTFSSYAMSWVRQAPGKGLEWVSAISGSGGSTYYADSVKGRFTISRDNSKNTLYLQMNSLRAEDTAVYYCAKDIQYGNYYYGMDDWGQGTSVTVSS,-0.34405437111854553,-0.35170602798461914,-0.007651656866073608,-0.007651656866073608
CDR3_P105YW,CDR3,105,Y,W,EVQLVESGGGLVQPGGSLRLSCAASGFTFSSYAMSWVRQAPGKGLEWVSAISGSGGSTYYADSVKGRFTISRDNSKNTLYLQMNSLRAEDTAVYYCAKDIQYGNWYYGMDYWGQGTSVTVSS,-0.34405437111854553,-0.35183387994766235,-0.007779508829116821,-0.007779508829116821
CDR3_P107YC,CDR3,107,Y,C,EVQLVESGGGLVQPGGSLRLSCAASGFTFSSYAMSWVRQAPGKGLEWVSAISGSGGSTYYADSVKGRFTISRDNSKNTLYLQMNSLRAEDTAVYYCAKDIQYGNYYCGMDYWGQGTSVTVSS,-0.34405437111854553,-0.3518511652946472,-0.007796794176101685,-0.007796794176101685
CDR3_P102YH,CDR3,102,Y,H,EVQLVESGGGLVQPGGSLRLSCAASGFTFSSYAMSWVRQAPGKGLEWVSAISGSGGSTYYADSVKGRFTISRDNSKNTLYLQMNSLRAEDTAVYYCAKDIQHGNYYYGMDYWGQGTSVTVSS,-0.34405437111854553,-0.3522009551525116,-0.008146584033966064,-0.008146584033966064
CDR3_P103GW,CDR3,103,G,W,EVQLVESGGGLVQPGGSLRLSCAASGFTFSSYAMSWVRQAPGKGLEWVSAISGSGGSTYYADSVKGRFTISRDNSKNTLYLQMNSLRAEDTAVYYCAKDIQYWNYYYGMDYWGQGTSVTVSS,-0.34405437111854553,-0.352207213640213,-0.00815284252166748,-0.00815284252166748
CDR3_P111YH,CDR3,111,Y,H,EVQLVESGGGLVQPGGSLRLSCAASGFTFSSYAMSWVRQAPGKGLEWVSAISGSGGSTYYADSVKGRFTISRDNSKNTLYLQMNSLRAEDTAVYYCAKDIQYGNYYYGMDHWGQGTSVTVSS,-0.34405437111854553,-0.35230752825737,-0.008253157138824463,-0.008253157138824463
CDR3_P99DF,CDR3,99,D,F,EVQLVESGGGLVQPGGSLRLSCAASGFTFSSYAMSWVRQAPGKGLEWVSAISGSGGSTYYADSVKGRFTISRDNSKNTLYLQMNSLRAEDTAVYYCAKFIQYGNYYYGMDYWGQGTSVTVSS,-0.34405437111854553,-0.3523102104663849,-0.008255839347839355,-0.008255839347839355
CDR3_P101QC,CDR3,101,Q,C,EVQLVESGGGLVQPGGSLRLSCAASGFTFSSYAMSWVRQAPGKGLEWVSAISGSGGSTYYADSVKGRFTISRDNSKNTLYLQMNSLRAEDTAVYYCAKDICYGNYYYGMDYWGQGTSVTVSS,-0.34405437111854553,-0.35233521461486816,-0.008280843496322632,-0.008280843496322632
CDR3_P97AY,CDR3,97,A,Y,EVQLVESGGGLVQPGGSLRLSCAASGFTFSSYAMSWVRQAPGKGLEWVSAISGSGGSTYYADSVKGRFTISRDNSKNTLYLQMNSLRAEDTAVYYCYKDIQYGNYYYGMDYWGQGTSVTVSS,-0.34405437111854553,-0.3523818850517273,-0.008327513933181763,-0.008327513933181763
CDR3_P108GI,CDR3,108,G,I,EVQLVESGGGLVQPGGSLRLSCAASGFTFSSYAMSWVRQAPGKGLEWVSAISGSGGSTYYADSVKGRFTISRDNSKNTLYLQMNSLRAEDTAVYYCAKDIQYGNYYYIMDYWGQGTSVTVSS,-0.34405437111854553,-0.3524740934371948,-0.008419722318649292,-0.008419722318649292
CDR3_P102YC,CDR3,102,Y,C,EVQLVESGGGLVQPGGSLRLSCAASGFTFSSYAMSWVRQAPGKGLEWVSAISGSGGSTYYADSVKGRFTISRDNSKNTLYLQMNSLRAEDTAVYYCAKDIQCGNYYYGMDYWGQGTSVTVSS,-0.34405437111854553,-0.35252225399017334,-0.008467882871627808,-0.008467882871627808
CDR3_P99DI,CDR3,99,D,I,EVQLVESGGGLVQPGGSLRLSCAASGFTFSSYAMSWVRQAPGKGLEWVSAISGSGGSTYYADSVKGRFTISRDNSKNTLYLQMNSLRAEDTAVYYCAKIIQYGNYYYGMDYWGQGTSVTVSS,-0.34405437111854553,-0.35252439975738525,-0.008470028638839722,-0.008470028638839722
CDR3_P97AL,CDR3,97,A,L,EVQLVESGGGLVQPGGSLRLSCAASGFTFSSYAMSWVRQAPGKGLEWVSAISGSGGSTYYADSVKGRFTISRDNSKNTLYLQMNSLRAEDTAVYYCLKDIQYGNYYYGMDYWGQGTSVTVSS,-0.34405437111854553,-0.3525305986404419,-0.008476227521896362,-0.008476227521896362
CDR3_P105YC,CDR3,105,Y,C,EVQLVESGGGLVQPGGSLRLSCAASGFTFSSYAMSWVRQAPGKGLEWVSAISGSGGSTYYADSVKGRFTISRDNSKNTLYLQMNSLRAEDTAVYYCAKDIQYGNCYYGMDYWGQGTSVTVSS,-0.34405437111854553,-0.3525412678718567,-0.008486896753311157,-0.008486896753311157
CDR3_P105YH,CDR3,105,Y,H,EVQLVESGGGLVQPGGSLRLSCAASGFTFSSYAMSWVRQAPGKGLEWVSAISGSGGSTYYADSVKGRFTISRDNSKNTLYLQMNSLRAEDTAVYYCAKDIQYGNHYYGMDYWGQGTSVTVSS,-0.34405437111854553,-0.35279372334480286,-0.008739352226257324,-0.008739352226257324
CDR3_P103GC,CDR3,103,G,C,EVQLVESGGGLVQPGGSLRLSCAASGFTFSSYAMSWVRQAPGKGLEWVSAISGSGGSTYYADSVKGRFTISRDNSKNTLYLQMNSLRAEDTAVYYCAKDIQYCNYYYGMDYWGQGTSVTVSS,-0.34405437111854553,-0.3529932498931885,-0.008938878774642944,-0.008938878774642944
CDR3_P103GM,CDR3,103,G,M,EVQLVESGGGLVQPGGSLRLSCAASGFTFSSYAMSWVRQAPGKGLEWVSAISGSGGSTYYADSVKGRFTISRDNSKNTLYLQMNSLRAEDTAVYYCAKDIQYMNYYYGMDYWGQGTSVTVSS,-0.34405437111854553,-0.3530000150203705,-0.008945643901824951,-0.008945643901824951
CDR3_P102YW,CDR3,102,Y,W,EVQLVESGGGLVQPGGSLRLSCAASGFTFSSYAMSWVRQAPGKGLEWVSAISGSGGSTYYADSVKGRFTISRDNSKNTLYLQMNSLRAEDTAVYYCAKDIQWGNYYYGMDYWGQGTSVTVSS,-0.34405437111854553,-0.3530358076095581,-0.008981436491012573,-0.008981436491012573
CDR3_P115GC,CDR3,115,G,C,EVQLVESGGGLVQPGGSLRLSCAASGFTFSSYAMSWVRQAPGKGLEWVSAISGSGGSTYYADSVKGRFTISRDNSKNTLYLQMNSLRAEDTAVYYCAKDIQYGNYYYGMDYWGQCTSVTVSS,-0.34405437111854553,-0.35312193632125854,-0.009067565202713013,-0.009067565202713013
CDR3_P106YE,CDR3,106,Y,E,EVQLVESGGGLVQPGGSLRLSCAASGFTFSSYAMSWVRQAPGKGLEWVSAISGSGGSTYYADSVKGRFTISRDNSKNTLYLQMNSLRAEDTAVYYCAKDIQYGNYEYGMDYWGQGTSVTVSS,-0.34405437111854553,-0.3532014787197113,-0.009147107601165771,-0.009147107601165771
CDR3_P108GM,CDR3,108,G,M,EVQLVESGGGLVQPGGSLRLSCAASGFTFSSYAMSWVRQAPGKGLEWVSAISGSGGSTYYADSVKGRFTISRDNSKNTLYLQMNSLRAEDTAVYYCAKDIQYGNYYYMMDYWGQGTSVTVSS,-0.34405437111854553,-0.35339149832725525,-0.009337127208709717,-0.009337127208709717
CDR3_P111YM,CDR3,111,Y,M,EVQLVESGGGLVQPGGSLRLSCAASGFTFSSYAMSWVRQAPGKGLEWVSAISGSGGSTYYADSVKGRFTISRDNSKNTLYLQMNSLRAEDTAVYYCAKDIQYGNYYYGMDMWGQGTSVTVSS,-0.34405437111854553,-0.3534364104270935,-0.009382039308547974,-0.009382039308547974
CDR3_P106YM,CDR3,106,Y,M,EVQLVESGGGLVQPGGSLRLSCAASGFTFSSYAMSWVRQAPGKGLEWVSAISGSGGSTYYADSVKGRFTISRDNSKNTLYLQMNSLRAEDTAVYYCAKDIQYGNYMYGMDYWGQGTSVTVSS,-0.34405437111854553,-0.35344937443733215,-0.009395003318786621,-0.009395003318786621
CDR3_P110DC,CDR3,110,D,C,EVQLVESGGGLVQPGGSLRLSCAASGFTFSSYAMSWVRQAPGKGLEWVSAISGSGGSTYYADSVKGRFTISRDNSKNTLYLQMNSLRAEDTAVYYCAKDIQYGNYYYGMCYWGQGTSVTVSS,-0.34405437111854553,-0.3534664213657379,-0.009412050247192383,-0.009412050247192383
CDR3_P115GH,CDR3,115,G,H,EVQLVESGGGLVQPGGSLRLSCAASGFTFSSYAMSWVRQAPGKGLEWVSAISGSGGSTYYADSVKGRFTISRDNSKNTLYLQMNSLRAEDTAVYYCAKDIQYGNYYYGMDYWGQHTSVTVSS,-0.34405437111854553,-0.35347631573677063,-0.009421944618225098,-0.009421944618225098
CDR3_P99DC,CDR3,99,D,C,EVQLVESGGGLVQPGGSLRLSCAASGFTFSSYAMSWVRQAPGKGLEWVSAISGSGGSTYYADSVKGRFTISRDNSKNTLYLQMNSLRAEDTAVYYCAKCIQYGNYYYGMDYWGQGTSVTVSS,-0.34405437111854553,-0.3541196286678314,-0.010065257549285889,-0.010065257549285889
CDR3_P97AD,CDR3,97,A,D,EVQLVESGGGLVQPGGSLRLSCAASGFTFSSYAMSWVRQAPGKGLEWVSAISGSGGSTYYADSVKGRFTISRDNSKNTLYLQMNSLRAEDTAVYYCDKDIQYGNYYYGMDYWGQGTSVTVSS,-0.34405437111854553,-0.3543267846107483,-0.010272413492202759,-0.010272413492202759
CDR3_P106YC,CDR3,106,Y,C,EVQLVESGGGLVQPGGSLRLSCAASGFTFSSYAMSWVRQAPGKGLEWVSAISGSGGSTYYADSVKGRFTISRDNSKNTLYLQMNSLRAEDTAVYYCAKDIQYGNYCYGMDYWGQGTSVTVSS,-0.34405437111854553,-0.35441023111343384,-0.010355859994888306,-0.010355859994888306
CDR3_P97AM,CDR3,97,A,M,EVQLVESGGGLVQPGGSLRLSCAASGFTFSSYAMSWVRQAPGKGLEWVSAISGSGGSTYYADSVKGRFTISRDNSKNTLYLQMNSLRAEDTAVYYCMKDIQYGNYYYGMDYWGQGTSVTVSS,-0.34405437111854553,-0.3549765646457672,-0.01092219352722168,-0.01092219352722168
CDR3_P97AF,CDR3,97,A,F,EVQLVESGGGLVQPGGSLRLSCAASGFTFSSYAMSWVRQAPGKGLEWVSAISGSGGSTYYADSVKGRFTISRDNSKNTLYLQMNSLRAEDTAVYYCFKDIQYGNYYYGMDYWGQGTSVTVSS,-0.34405437111854553,-0.3552170991897583,-0.011162728071212769,-0.011162728071212769
CDR3_P111YC,CDR3,111,Y,C,EVQLVESGGGLVQPGGSLRLSCAASGFTFSSYAMSWVRQAPGKGLEWVSAISGSGGSTYYADSVKGRFTISRDNSKNTLYLQMNSLRAEDTAVYYCAKDIQYGNYYYGMDCWGQGTSVTVSS,-0.34405437111854553,-0.35630980134010315,-0.012255430221557617,-0.012255430221557617
CDR3_P108GC,CDR3,108,G,C,EVQLVESGGGLVQPGGSLRLSCAASGFTFSSYAMSWVRQAPGKGLEWVSAISGSGGSTYYADSVKGRFTISRDNSKNTLYLQMNSLRAEDTAVYYCAKDIQYGNYYYCMDYWGQGTSVTVSS,-0.34405437111854553,-0.3563663959503174,-0.01231202483177185,-0.01231202483177185
CDR3_P97AH,CDR3,97,A,H,EVQLVESGGGLVQPGGSLRLSCAASGFTFSSYAMSWVRQAPGKGLEWVSAISGSGGSTYYADSVKGRFTISRDNSKNTLYLQMNSLRAEDTAVYYCHKDIQYGNYYYGMDYWGQGTSVTVSS,-0.34405437111854553,-0.3564034402370453,-0.012349069118499756,-0.012349069118499756
CDR3_P100IC,CDR3,100,I,C,EVQLVESGGGLVQPGGSLRLSCAASGFTFSSYAMSWVRQAPGKGLEWVSAISGSGGSTYYADSVKGRFTISRDNSKNTLYLQMNSLRAEDTAVYYCAKDCQYGNYYYGMDYWGQGTSVTVSS,-0.34405437111854553,-0.3568815588951111,-0.012827187776565552,-0.012827187776565552
CDR3_P97AI,CDR3,97,A,I,EVQLVESGGGLVQPGGSLRLSCAASGFTFSSYAMSWVRQAPGKGLEWVSAISGSGGSTYYADSVKGRFTISRDNSKNTLYLQMNSLRAEDTAVYYCIKDIQYGNYYYGMDYWGQGTSVTVSS,-0.34405437111854553,-0.35725101828575134,-0.01319664716720581,-0.01319664716720581
CDR3_P97AW,CDR3,97,A,W,EVQLVESGGGLVQPGGSLRLSCAASGFTFSSYAMSWVRQAPGKGLEWVSAISGSGGSTYYADSVKGRFTISRDNSKNTLYLQMNSLRAEDTAVYYCWKDIQYGNYYYGMDYWGQGTSVTVSS,-0.34405437111854553,-0.3645198345184326,-0.020465463399887085,-0.020465463399887085
CDR3_P97AP,CDR3,97,A,P,EVQLVESGGGLVQPGGSLRLSCAASGFTFSSYAMSWVRQAPGKGLEWVSAISGSGGSTYYADSVKGRFTISRDNSKNTLYLQMNSLRAEDTAVYYCPKDIQYGNYYYGMDYWGQGTSVTVSS,-0.34405437111854553,-0.3647804260253906,-0.020726054906845093,-0.020726054906845093
