sirna_id,start,end,target_seq,antisense_seq,gc_pct,mfe,structure,ui_tei_score,efficacy_score,passed_basic
CD274_2332_2352,2332,2352,UAGUGUCUGGUAUUGUUUAAC,GUUAAACAAUACCAGACACUA,33.33,0.0,.....................,5.5,7.5,True
CD274_2296_2316,2296,2316,AUUUGCCUUUGCCAUAUAAUC,GAUUAUAUGGCAAAGGCAAAU,33.33,0.0,.....................,5.5,7.5,True
CD274_1588_1608,1588,1608,UACAUUGGAAGCAUAAAGAUC,GAUCUUUAUGCUUCCAAUGUA,33.33,0.0,.....................,5.5,7.5,True
CD274_1651_1671,1651,1671,AAUACUCUGGUUGACCUAAUC,GAUUAGGUCAACCAGAGUAUU,38.1,0.0,.....................,5.5,7.5,True
CD274_211_231,211,231,UUAGACCUGGCUGCACUAAUU,AAUUAGUGCAGCCAGGUCUAA,42.86,0.0,.....................,5.5,7.5,True
CD274_235_255,235,255,UAUUGGGAAAUGGAGGAUAAG,CUUAUCCUCCAUUUCCCAAUA,38.1,0.0,.....................,5.5,7.5,True
CD274_1669_1689,1669,1689,AUCUUAUUCUCAGACCUCAAG,CUUGAGGUCUGAGAAUAAGAU,38.1,0.0,.....................,5.5,7.5,True
CD274_436_456,436,456,UACAAGCGAAUUACUGUGAAA,UUUCACAGUAAUUCGCUUGUA,33.33,0.0,.....................,5.5,7.5,True
CD274_889_909,889,909,AUCCAAGAUACAAACUCAAAG,CUUUGAGUUUGUAUCUUGGAU,33.33,0.0,.....................,5.5,7.5,True
CD274_1432_1452,1432,1452,AUGUGAGUGUGGUUGUGAAUG,CAUUCACAACCACACUCACAU,42.86,0.0,.....................,5.5,7.5,True
CD274_2140_2160,2140,2160,AAGAGGAGGAAAUAGGCCAAU,AUUGGCCUAUUUCCUCCUCUU,42.86,-0.1,.......((.......))...,5.5,7.497,True
CD274_124_144,124,144,UUUACUGUCACGGUUCCCAAG,CUUGGGAACCGUGACAGUAAA,47.62,-0.3,...((((...)))).......,5.5,7.49,True
CD274_2221_2241,2221,2241,AAAGAGAGGUCGGUACUUAAA,UUUAAGUACCGACCUCUCUUU,38.1,-0.4,.....(((.......)))...,5.5,7.487,True
CD274_1840_1860,1840,1860,UAACUUGCCCAAACCAGUAAA,UUUACUGGUUUGGGCAAGUUA,38.1,-0.4,....((((........)))).,5.5,7.487,True
CD274_1951_1971,1951,1971,UUAUUAAGUGCCCUUGCAAUA,UAUUGCAAGGGCACUUAAUAA,33.33,-1.0,........(((....)))...,5.5,7.467,True
CD274_2083_2103,2083,2103,UUAGUCCAGUGUCAUAGCAUA,UAUGCUAUGACACUGGACUAA,38.1,-1.1,........((((....)))).,5.5,7.463,True
CD274_616_636,616,636,AAUUCCAAGAGAGAGGAGAAG,CUUCUCCUCUCUCUUGGAAUU,42.86,-2.2,...(((........)))....,5.5,7.427,True
CD274_790_810,790,810,UUGGUAAUUCUGGGAGCCAUC,GAUGGCUCCCAGAAUUACCAA,47.62,-2.2,.((((..........))))..,5.5,7.427,True
CD274_421_441,421,441,UAUGGUGGUGCCGACUACAAG,CUUGUAGUCGGCACCACCAUA,52.38,-4.8,....(((((....)))))...,5.5,7.34,True
CD274_238_258,238,258,UGGGAAAUGGAGGAUAAGAAC,GUUCUUAUCCUCCAUUUCCCA,42.86,0.0,.....................,5.0,7.0,True
CD274_1435_1455,1435,1455,UGAGUGUGGUUGUGAAUGAUU,AAUCAUUCACAACCACACUCA,38.1,0.0,.....................,5.0,7.0,True
CD274_1102_1122,1102,1122,AGAGGAGGAGAAUGAAGAAAG,CUUUCUUCAUUCUCCUCCUCU,42.86,0.0,.....................,5.0,7.0,True
CD274_1366_1386,1366,1386,UGGAACGGGACAGUAUUUAUG,CAUAAAUACUGUCCCGUUCCA,42.86,0.0,.....................,5.0,7.0,True
CD274_1306_1326,1306,1326,UGCCCUUUGCCUCCACUCAAU,AUUGAGUGGAGGCAAAGGGCA,52.38,0.0,.....................,5.0,7.0,True
CD274_1819_1839,1819,1839,UGAGGAAGCAAACAGAUUAAG,CUUAAUCUGUUUGCUUCCUCA,38.1,0.0,.....................,5.0,7.0,True
CD274_2029_2049,2029,2049,UCAAGGAGCUCAUAGUAUAAU,AUUAUACUAUGAGCUCCUUGA,33.33,0.0,.....................,5.0,7.0,True
CD274_1114_1134,1114,1134,UGAAGAAAGAUGGAGUCAAAC,GUUUGACUCCAUCUUUCUUCA,38.1,0.0,.....................,5.0,7.0,True
CD274_604_624,604,624,ACCACCACCACCAAUUCCAAG,CUUGGAAUUGGUGGUGGUGGU,52.38,0.0,.....................,5.0,7.0,True
CD274_1012_1032,1012,1032,AGCGUGACAAGAGGAAGGAAU,AUUCCUUCCUCUUGUCACGCU,47.62,0.0,.....................,5.0,7.0,True
CD274_1999_2019,1999,2019,ACAGAUGUGAGCAAGACAAAG,CUUUGUCUUGCUCACAUCUGU,42.86,-0.1,.....(((.......)))...,5.0,6.997,True
CD274_883_903,883,903,UGUGGCAUCCAAGAUACAAAC,GUUUGUAUCUUGGAUGCCACA,42.86,-0.3,..(((...)))..........,5.0,6.99,True
CD274_2131_2151,2131,2151,AGUGUUGCCAAGAGGAGGAAA,UUUCCUCCUCUUGGCAACACU,47.62,-0.5,.......((....))......,5.0,6.983,True
CD274_1957_1977,1957,1977,AGUGCCCUUGCAAUAUCAAUC,GAUUGAUAUUGCAAGGGCACU,42.86,-1.0,..(((....))).........,5.0,6.967,True
CD274_649_669,649,669,ACCAGCACACUGAGAAUCAAC,GUUGAUUCUCAGUGUGCUGGU,47.62,-1.2,..(((....))).........,5.0,6.96,True
CD274_1219_1239,1219,1239,ACAAGGAGCCUCCAAGCAAAU,AUUUGCUUGGAGGCUCCUUGU,47.62,-1.3,....(((...)))........,5.0,6.957,True
CD274_1150_1170,1150,1170,AGACCUUGAUACUUUCAAAUG,CAUUUGAAAGUAUCAAGGUCU,33.33,-1.4,.....((((.....))))...,5.0,6.953,True
CD274_2092_2112,2092,2112,UGUCAUAGCAUAAGGAUGAUG,CAUCAUCCUUAUGCUAUGACA,38.1,-1.4,.(((((.........))))).,5.0,6.953,True
CD274_1351_1371,1351,1371,UGAGAGUCUCAGUGUUGGAAC,GUUCCAACACUGAGACUCUCA,47.62,-1.5,((((...))))..........,5.0,6.95,True
CD274_100_120,100,120,ACCUACUGGCAUUUGCUGAAC,GUUCAGCAAAUGCCAGUAGGU,47.62,-1.7,.......(((....)))....,5.0,6.943,True
CD274_958_978,958,978,UCUGAUCUUCAAGCAGGGAUU,AAUCCCUGCUUGAAGAUCAGA,42.86,-1.9,...((((((......)))))),5.0,6.937,True
CD274_1972_1992,1972,1992,UCAAUCGCUGUGCCAGGCAUU,AAUGCCUGGCACAGCGAUUGA,52.38,-2.5,......(((......)))...,5.0,6.917,True
CD274_1810_1830,1810,1830,UCGUACAGCUGAGGAAGCAAA,UUUGCUUCCUCAGCUGUACGA,47.62,-2.8,.......(((.....)))...,5.0,6.907,True
CD274_1816_1836,1816,1836,AGCUGAGGAAGCAAACAGAUU,AAUCUGUUUGCUUCCUCAGCU,42.86,-2.8,.(((.....))).........,5.0,6.907,True
CD274_1255_1275,1255,1275,CUAGGAAGACGGGUUGAGAAU,AUUCUCAACCCGUCUUCCUAG,47.62,0.0,.....................,4.5,6.5,True
CD274_964_984,964,984,CUUCAAGCAGGGAUUCUCAAC,GUUGAGAAUCCCUGCUUGAAG,47.62,0.0,.....................,4.5,6.5,True
CD274_892_912,892,912,CAAGAUACAAACUCAAAGAAG,CUUCUUUGAGUUUGUAUCUUG,33.33,0.0,.....................,4.5,6.5,True
CD274_1582_1602,1582,1602,CAAGUAUACAUUGGAAGCAUA,UAUGCUUCCAAUGUAUACUUG,33.33,0.0,.....................,4.5,6.5,True
CD274_1630_1650,1630,1650,GUCACCUUUAUUUAACCCAUU,AAUGGGUUAAAUAAAGGUGAC,33.33,0.0,.....................,4.5,6.5,True
CD274_1585_1605,1585,1605,GUAUACAUUGGAAGCAUAAAG,CUUUAUGCUUCCAAUGUAUAC,33.33,0.0,.....................,4.5,6.5,True
CD274_1834_1854,1834,1854,AUUAAGUAACUUGCCCAAACC,GGUUUGGGCAAGUUACUUAAU,38.1,0.0,.....................,4.5,6.5,True
CD274_1837_1857,1837,1857,AAGUAACUUGCCCAAACCAGU,ACUGGUUUGGGCAAGUUACUU,42.86,0.0,.....................,4.5,6.5,True
CD274_157_177,157,177,GUAGAGUAUGGUAGCAAUAUG,CAUAUUGCUACCAUACUCUAC,38.1,0.0,.....................,4.5,6.5,True
CD274_1747_1767,1747,1767,CACACAUAAUCUCAUUUCAUC,GAUGAAAUGAGAUUAUGUGUG,33.33,0.0,.....................,4.5,6.5,True
CD274_151_171,151,171,UAUGUGGUAGAGUAUGGUAGC,GCUACCAUACUCUACCACAUA,42.86,0.0,.....................,4.5,6.5,True
CD274_850_870,850,870,UUAAGAAAAGGGAGAAUGAUG,CAUCAUUCUCCCUUUUCUUAA,33.33,0.0,.....................,4.5,6.5,True
CD274_727_747,727,747,CAUACAGCUGAAUUGGUCAUC,GAUGACCAAUUCAGCUGUAUG,42.86,0.0,.....................,4.5,6.5,True
CD274_454_474,454,474,AAAGUCAAUGCCCCAUACAAC,GUUGUAUGGGGCAUUGACUUU,42.86,0.0,.....................,4.5,6.5,True
CD274_1993_2013,1993,2013,GAAUCUACAGAUGUGAGCAAG,CUUGCUCACAUCUGUAGAUUC,42.86,0.0,.....................,4.5,6.5,True
CD274_2170_2190,2170,2190,GACGGUUGGAUAUACUUAAAC,GUUUAAGUAUAUCCAACCGUC,38.1,0.0,.....................,4.5,6.5,True
CD274_2293_2313,2293,2313,CUGAUUUGCCUUUGCCAUAUA,UAUAUGGCAAAGGCAAAUCAG,38.1,0.0,.....................,4.5,6.5,True
CD274_2080_2100,2080,2100,AAUUUAGUCCAGUGUCAUAGC,GCUAUGACACUGGACUAAAUU,38.1,0.0,.....................,4.5,6.5,True
CD274_1990_2010,1990,2010,AUUGAAUCUACAGAUGUGAGC,GCUCACAUCUGUAGAUUCAAU,38.1,0.0,.....................,4.5,6.5,True
CD274_241_261,241,261,GAAAUGGAGGAUAAGAACAUU,AAUGUUCUUAUCCUCCAUUUC,33.33,0.0,.....................,4.5,6.5,True
CD274_1204_1224,1204,1224,AAAGGAUACUUCUGAACAAGG,CCUUGUUCAGAAGUAUCCUUU,38.1,-0.1,.(((....)))..........,4.5,6.497,True
CD274_1684_1704,1684,1704,CUCAAGUGUCUGUGCAGUAUC,GAUACUGCACAGACACUUGAG,47.62,-0.2,....(.(((....))).)...,4.5,6.493,True
CD274_880_900,880,900,AAAUGUGGCAUCCAAGAUACA,UGUAUCUUGGAUGCCACAUUU,38.1,-0.3,.....(((...))).......,4.5,6.49,True
CD274_355_375,355,375,AAUGCUGCACUUCAGAUCACA,UGUGAUCUGAAGUGCAGCAUU,42.86,-0.3,....(((.....)))......,4.5,6.49,True
CD274_583_603,583,603,CAUCAAGUCCUGAGUGGUAAG,CUUACCACUCAGGACUUGAUG,47.62,-0.4,........((.....))....,4.5,6.487,True
CD274_154_174,154,174,GUGGUAGAGUAUGGUAGCAAU,AUUGCUACCAUACUCUACCAC,42.86,-0.7,.((.((........)).))..,4.5,6.477,True
CD274_778_798,778,798,GAAAGGACUCACUUGGUAAUU,AAUUACCAAGUGAGUCCUUUC,38.1,-0.7,..(((......))).......,4.5,6.477,True
CD274_1066_1086,1066,1086,AAGGCCCAAGCACUGAAAAUG,CAUUUUCAGUGCUUGGGCCUU,47.62,-1.0,.((((....)).)).......,4.5,6.467,True
CD274_1063_1083,1063,1083,UAAAAGGCCCAAGCACUGAAA,UUUCAGUGCUUGGGCCUUUUA,42.86,-1.0,....((((....)).))....,4.5,6.467,True
CD274_2089_2109,2089,2109,CAGUGUCAUAGCAUAAGGAUG,CAUCCUUAUGCUAUGACACUG,42.86,-1.1,..((((....)))).......,4.5,6.463,True
CD274_1693_1713,1693,1713,CUGUGCAGUAUCUGUUCCAUU,AAUGGAACAGAUACUGCACAG,42.86,-1.5,.((.((((...))))..))..,4.5,6.45,True
CD274_646_666,646,666,GUGACCAGCACACUGAGAAUC,GAUUCUCAGUGUGCUGGUCAC,52.38,-1.6,(((.....)))..........,4.5,6.447,True
CD274_274_294,274,294,CAUGGAGAGGAAGACCUGAAG,CUUCAGGUCUUCCUCUCCAUG,52.38,-1.6,.......(((....)))....,4.5,6.447,True
CD274_226_246,226,246,CUAAUUGUCUAUUGGGAAAUG,CAUUUCCCAAUAGACAAUUAG,33.33,-1.6,(((((.....)))))......,4.5,6.447,True
CD274_58_78,58,78,CAUUCCAGAAAGAUGAGGAUA,UAUCCUCAUCUUUCUGGAAUG,38.1,-1.6,.((((((......)).)))).,4.5,6.447,True
CD274_1522_1542,1522,1542,UUUGCUCACAUCUAGUAAAAC,GUUUUACUAGAUGUGAGCAAA,33.33,-1.7,((((((.......))))))..,4.5,6.443,True
CD274_553_573,553,573,AAGGCCGAAGUCAUCUGGACA,UGUCCAGAUGACUUCGGCCUU,52.38,-1.8,.........(((.....))).,4.5,6.44,True
CD274_2017_2037,2017,2037,AAGUACCUGUCCUCAAGGAGC,GCUCCUUGAGGACAGGUACUU,52.38,-2.0,.....(((.......)))...,4.5,6.433,True
CD274_1084_1104,1084,1104,AUGGAACCUGGCGAAAGCAGA,UCUGCUUUCGCCAGGUUCCAU,52.38,-2.0,.......(((.(....)))).,4.5,6.433,True
CD274_643_663,643,663,AAUGUGACCAGCACACUGAGA,UCUCAGUGUGCUGGUCACAUU,47.62,-2.1,..((((.....))))......,4.5,6.43,True
CD274_493_513,493,513,UUGGUUGUGGAUCCAGUCACC,GGUGACUGGAUCCACAACCAA,52.38,-2.2,((((........)))).....,4.5,6.427,True
CD274_931_951,931,951,GAGGAGACGUAAUCCAGCAUU,AAUGCUGGAUUACGUCUCCUC,47.62,-2.4,..(((.......)))......,4.5,6.42,True
CD274_1414_1434,1414,1434,CUGUGAGGUCUUCUUGUCAUG,CAUGACAAGAAGACCUCACAG,47.62,-2.5,..((((.(......).)))).,4.5,6.417,True
CD274_976_996,976,996,AUUCUCAACCUGUGGUUUAGG,CCUAAACCACAGGUUGAGAAU,42.86,-2.7,...((.((((...)))).)).,4.5,6.41,True
CD274_928_948,928,948,UUGGAGGAGACGUAAUCCAGC,GCUGGAUUACGUCUCCUCCAA,52.38,-3.3,(((((..(....)..))))).,4.5,6.39,True
CD274_1615_1635,1615,1635,UUGGUUGCAUAGGAUGUCACC,GGUGACAUCCUAUGCAACCAA,47.62,-3.4,..(((.((((...)))).))),4.5,6.387,True
CD274_1732_1752,1732,1752,UUAUGUGGUAGCCUACACACA,UGUGUGUAGGCUACCACAUAA,42.86,-3.5,...((((........))))..,4.5,6.383,True
CD274_364_384,364,384,CUUCAGAUCACAGAUGUGAAA,UUUCACAUCUGUGAUCUGAAG,38.1,-4.7,.((((.(((...))).)))).,4.5,6.343,True
CD274_2077_2097,2077,2097,UACAAUUUAGUCCAGUGUCAU,AUGACACUGGACUAAAUUGUA,33.33,0.0,.....................,4.0,6.0,True
CD274_1996_2016,1996,2016,UCUACAGAUGUGAGCAAGACA,UGUCUUGCUCACAUCUGUAGA,42.86,0.0,.....................,4.0,6.0,True
CD274_2290_2310,2290,2310,UUCCUGAUUUGCCUUUGCCAU,AUGGCAAAGGCAAAUCAGGAA,42.86,0.0,.....................,4.0,6.0,True
CD274_1516_1536,1516,1536,UAAUGAUUUGCUCACAUCUAG,CUAGAUGUGAGCAAAUCAUUA,33.33,0.0,.....................,4.0,6.0,True
CD274_1648_1668,1648,1668,AUUAAUACUCUGGUUGACCUA,UAGGUCAACCAGAGUAUUAAU,33.33,0.0,.....................,4.0,6.0,True
CD274_1765_1785,1765,1785,AUCGCUGUAACCACCCUGUUG,CAACAGGGUGGUUACAGCGAU,52.38,0.0,.....................,4.0,6.0,True
CD274_187_207,187,207,UGCAAAUUCCCAGUAGAAAAA,UUUUUCUACUGGGAAUUUGCA,33.33,0.0,.....................,4.0,6.0,True
CD274_1756_1776,1756,1776,UCUCAUUUCAUCGCUGUAACC,GGUUACAGCGAUGAAAUGAGA,42.86,0.0,.....................,4.0,6.0,True
CD274_1762_1782,1762,1782,UUCAUCGCUGUAACCACCCUG,CAGGGUGGUUACAGCGAUGAA,52.38,0.0,.....................,4.0,6.0,True
CD274_1753_1773,1753,1773,UAAUCUCAUUUCAUCGCUGUA,UACAGCGAUGAAAUGAGAUUA,33.33,0.0,.....................,4.0,6.0,True
CD274_1945_1965,1945,1965,AACCAUUUAUUAAGUGCCCUU,AAGGGCACUUAAUAAAUGGUU,33.33,0.0,.....................,4.0,6.0,True
CD274_2215_2235,2215,2235,AUUUACAAAGAGAGGUCGGUA,UACCGACCUCUCUUUGUAAAU,38.1,0.0,.....................,4.0,6.0,True
CD274_2218_2238,2218,2238,UACAAAGAGAGGUCGGUACUU,AAGUACCGACCUCUCUUUGUA,42.86,0.0,.....................,4.0,6.0,True
CD274_2173_2193,2173,2193,GGUUGGAUAUACUUAAACAUC,GAUGUUUAAGUAUAUCCAACC,33.33,0.0,.....................,4.0,6.0,True
CD274_268_288,268,288,UUUGUGCAUGGAGAGGAAGAC,GUCUUCCUCUCCAUGCACAAA,47.62,0.0,.....................,4.0,6.0,True
CD274_262_282,262,282,AUUCAAUUUGUGCAUGGAGAG,CUCUCCAUGCACAAAUUGAAU,38.1,0.0,.....................,4.0,6.0,True
CD274_1315_1335,1315,1335,CCUCCACUCAAUGCCUCAAUU,AAUUGAGGCAUUGAGUGGAGG,47.62,0.0,.....................,4.0,6.0,True
CD274_1237_1257,1237,1257,AAUCAUCCAUUGCUCAUCCUA,UAGGAUGAGCAAUGGAUGAUU,38.1,0.0,.....................,4.0,6.0,True
CD274_1120_1140,1120,1140,AAGAUGGAGUCAAACAGGGAG,CUCCCUGUUUGACUCCAUCUU,47.62,0.0,.....................,4.0,6.0,True
CD274_904_924,904,924,UCAAAGAAGCAAAGUGAUACA,UGUAUCACUUUGCUUCUUUGA,33.33,0.0,.....................,4.0,6.0,True
CD274_1048_1068,1048,1068,AGGCAAUGUGGGACUUAAAAG,CUUUUAAGUCCCACAUUGCCU,42.86,0.0,.....................,4.0,6.0,True
CD274_1105_1125,1105,1125,GGAGGAGAAUGAAGAAAGAUG,CAUCUUUCUUCAUUCUCCUCC,42.86,0.0,.....................,4.0,6.0,True
CD274_1099_1119,1099,1119,AGCAGAGGAGGAGAAUGAAGA,UCUUCAUUCUCCUCCUCUGCU,47.62,0.0,.....................,4.0,6.0,True
CD274_1117_1137,1117,1137,AGAAAGAUGGAGUCAAACAGG,CCUGUUUGACUCCAUCUUUCU,42.86,0.0,.....................,4.0,6.0,True
CD274_898_918,898,918,ACAAACUCAAAGAAGCAAAGU,ACUUUGCUUCUUUGAGUUUGU,33.33,0.0,.....................,4.0,6.0,True
CD274_901_921,901,921,AACUCAAAGAAGCAAAGUGAU,AUCACUUUGCUUCUUUGAGUU,33.33,0.0,.....................,4.0,6.0,True
CD274_835_855,835,855,ACAUUCAUCUUCCGUUUAAGA,UCUUAAACGGAAGAUGAAUGU,33.33,0.0,.....................,4.0,6.0,True
CD274_808_828,808,828,AUCUUAUUAUGCCUUGGUGUA,UACACCAAGGCAUAAUAAGAU,33.33,0.0,.....................,4.0,6.0,True
CD274_859_879,859,879,GGGAGAAUGAUGGAUGUGAAA,UUUCACAUCCAUCAUUCUCCC,42.86,0.0,.....................,4.0,6.0,True
CD274_856_876,856,876,AAAGGGAGAAUGAUGGAUGUG,CACAUCCAUCAUUCUCCCUUU,42.86,0.0,.....................,4.0,6.0,True
CD274_652_672,652,672,AGCACACUGAGAAUCAACACA,UGUGUUGAUUCUCAGUGUGCU,42.86,0.0,.....................,4.0,6.0,True
CD274_655_675,655,675,ACACUGAGAAUCAACACAACA,UGUUGUGUUGAUUCUCAGUGU,38.1,0.0,.....................,4.0,6.0,True
CD274_664_684,664,684,AUCAACACAACAACUAAUGAG,CUCAUUAGUUGUUGUGUUGAU,33.33,0.0,.....................,4.0,6.0,True
CD274_607_627,607,627,ACCACCACCAAUUCCAAGAGA,UCUCUUGGAAUUGGUGGUGGU,47.62,0.0,.....................,4.0,6.0,True
CD274_511_531,511,531,ACCUCUGAACAUGAACUGACA,UGUCAGUUCAUGUUCAGAGGU,42.86,0.0,.....................,4.0,6.0,True
CD274_439_459,439,459,AAGCGAAUUACUGUGAAAGUC,GACUUUCACAGUAAUUCGCUU,38.1,-0.1,.........(((.....))).,4.0,5.997,True
CD274_442_462,442,462,CGAAUUACUGUGAAAGUCAAU,AUUGACUUUCACAGUAAUUCG,33.33,-0.1,......(((.....)))....,4.0,5.997,True
CD274_1369_1389,1369,1389,AACGGGACAGUAUUUAUGUAU,AUACAUAAAUACUGUCCCGUU,33.33,-0.1,......(((.......)))..,4.0,5.997,True
CD274_1513_1533,1513,1533,GCUUAAUGAUUUGCUCACAUC,GAUGUGAGCAAAUCAUUAAGC,38.1,-0.2,((..........)).......,4.0,5.993,True
CD274_1642_1662,1642,1662,UAACCCAUUAAUACUCUGGUU,AACCAGAGUAUUAAUGGGUUA,33.33,-0.3,....(((.........)))..,4.0,5.99,True
CD274_118_138,118,138,AACGCAUUUACUGUCACGGUU,AACCGUGACAGUAAAUGCGUU,42.86,-0.3,.........((((...)))).,4.0,5.99,True
CD274_949_969,949,969,AUUGGAACUUCUGAUCUUCAA,UUGAAGAUCAGAAGUUCCAAU,33.33,-0.3,((((((...))))))......,4.0,5.99,True
CD274_352_372,352,372,GGAAAUGCUGCACUUCAGAUC,GAUCUGAAGUGCAGCAUUUCC,47.62,-0.3,.......(((.....)))...,4.0,5.99,True
CD274_67_87,67,87,AAGAUGAGGAUAUUUGCUGUC,GACAGCAAAUAUCCUCAUCUU,38.1,-0.3,..(((.((.(....).))))),4.0,5.99,True
CD274_907_927,907,927,AAGAAGCAAAGUGAUACACAU,AUGUGUAUCACUUUGCUUCUU,33.33,-0.4,..........(((...)))..,4.0,5.987,True
CD274_427_447,427,447,GGUGCCGACUACAAGCGAAUU,AAUUCGCUUGUAGUCGGCACC,52.38,-0.4,(((....)))...........,4.0,5.987,True
CD274_706_726,706,726,AGAUUAGAUCCUGAGGAAAAC,GUUUUCCUCAGGAUCUAAUCU,38.1,-0.6,........(((...)))....,4.0,5.98,True
CD274_1726_1746,1726,1746,UUACAAUUAUGUGGUAGCCUA,UAGGCUACCACAUAAUUGUAA,33.33,-0.6,(((((....))))).......,4.0,5.98,True
CD274_52_72,52,72,GCAGGGCAUUCCAGAAAGAUG,CAUCUUUCUGGAAUGCCCUGC,52.38,-0.6,...((.....)).........,4.0,5.98,True
CD274_775_795,775,795,AAUGAAAGGACUCACUUGGUA,UACCAAGUGAGUCCUUUCAUU,38.1,-0.7,.....(((......)))....,4.0,5.977,True
CD274_2335_2355,2335,2355,UGUCUGGUAUUGUUUAACAGU,ACUGUUAAACAAUACCAGACA,33.33,-0.8,...(((...........))).,4.0,5.973,True
CD274_1555_1575,1555,1575,UAAGGUGCUUGGUCUCCUCUA,UAGAGGAGACCAAGCACCUUA,47.62,-0.8,..(((.(......).)))...,4.0,5.973,True
CD274_757_777,757,777,CCUCUGGCACAUCCUCCAAAU,AUUUGGAGGAUGUGCCAGAGG,52.38,-0.9,....(((........)))...,4.0,5.97,True
CD274_1252_1272,1252,1272,AUCCUAGGAAGACGGGUUGAG,CUCAACCCGUCUUCCUAGGAU,52.38,-0.9,..(((........))).....,4.0,5.97,True
CD274_1621_1641,1621,1641,GCAUAGGAUGUCACCUUUAUU,AAUAAAGGUGACAUCCUAUGC,38.1,-1.1,....(((......))).....,4.0,5.963,True
CD274_181_201,181,201,AUUGAAUGCAAAUUCCCAGUA,UACUGGGAAUUUGCAUUCAAU,33.33,-1.1,...((((....))))......,4.0,5.963,True
CD274_823_843,823,843,GGUGUAGCACUGACAUUCAUC,GAUGAAUGUCAGUGCUACACC,47.62,-1.2,((((...))))..........,4.0,5.96,True
CD274_814_834,814,834,UUAUGCCUUGGUGUAGCACUG,CAGUGCUACACCAAGGCAUAA,47.62,-1.3,.........((((...)))).,4.0,5.957,True
CD274_1213_1233,1213,1233,UUCUGAACAAGGAGCCUCCAA,UUGGAGGCUCCUUGUUCAGAA,47.62,-1.3,..........(((...)))..,4.0,5.957,True
CD274_910_930,910,930,AAGCAAAGUGAUACACAUUUG,CAAAUGUGUAUCACUUUGCUU,33.33,-1.3,...(((((((...))).)))),4.0,5.957,True
CD274_2014_2034,2014,2034,ACAAAGUACCUGUCCUCAAGG,CCUUGAGGACAGGUACUUUGU,47.62,-1.4,........(((.......))),4.0,5.953,True
CD274_1408_1428,1408,1428,UUGAGUCUGUGAGGUCUUCUU,AAGAAGACCUCACAGACUCAA,42.86,-1.4,..(((.((....)).)))...,4.0,5.953,True
CD274_112_132,112,132,UUGCUGAACGCAUUUACUGUC,GACAGUAAAUGCGUUCAGCAA,42.86,-1.5,.(((.....))).........,4.0,5.95,True
CD274_1606_1626,1606,1626,AUCAAACCGUUGGUUGCAUAG,CUAUGCAACCAACGGUUUGAU,42.86,-1.6,....((((...))))......,4.0,5.947,True
CD274_565_585,565,585,AUCUGGACAAGCAGUGACCAU,AUGGUCACUGCUUGUCCAGAU,47.62,-1.7,..(((......))).......,4.0,5.943,True
CD274_1600_1620,1600,1620,AUAAAGAUCAAACCGUUGGUU,AACCAACGGUUUGAUCUUUAU,33.33,-1.7,.....((((((....)))))),4.0,5.943,True
CD274_1294_1314,1294,1314,UUCCUGCAGAAGUGCCCUUUG,CAAAGGGCACUUCUGCAGGAA,52.38,-1.8,.....(((....)))......,4.0,5.94,True
CD274_292_312,292,312,AAGGUUCAGCAUAGUAGCUAC,GUAGCUACUAUGCUGAACCUU,42.86,-1.9,.......(((......)))..,4.0,5.937,True
CD274_796_816,796,816,AUUCUGGGAGCCAUCUUAUUA,UAAUAAGAUGGCUCCCAGAAU,38.1,-1.9,....(((((....)))))...,4.0,5.937,True
CD274_577_597,577,597,AGUGACCAUCAAGUCCUGAGU,ACUCAGGACUUGAUGGUCACU,47.62,-2.0,((.(((......)))))....,4.0,5.933,True
CD274_598_618,598,618,GGUAAGACCACCACCACCAAU,AUUGGUGGUGGUGGUCUUACC,52.38,-2.1,(((......))).........,4.0,5.93,True
CD274_817_837,817,837,UGCCUUGGUGUAGCACUGACA,UGUCAGUGCUACACCAAGGCA,52.38,-2.2,....((((((...))))))..,4.0,5.927,True
CD274_142_162,142,162,AAGGACCUAUAUGUGGUAGAG,CUCUACCACAUAUAGGUCCUU,42.86,-2.2,....(((.......)))....,4.0,5.927,True
CD274_97_117,97,117,AUGACCUACUGGCAUUUGCUG,CAGCAAAUGCCAGUAGGUCAU,47.62,-2.2,(((.((....)))))......,4.0,5.927,True
CD274_640_660,640,660,UUCAAUGUGACCAGCACACUG,CAGUGUGCUGGUCACAUUGAA,47.62,-2.3,..((.((((.....)))).)),4.0,5.923,True
CD274_91_111,91,111,AUAUUCAUGACCUACUGGCAU,AUGCCAGUAGGUCAUGAAUAU,38.1,-2.4,......(((.((....))))),4.0,5.92,True
CD274_724_744,724,744,AACCAUACAGCUGAAUUGGUC,GACCAAUUCAGCUGUAUGGUU,42.86,-2.4,.((((...........)))).,4.0,5.92,True
CD274_1234_1254,1234,1254,GCAAAUCAUCCAUUGCUCAUC,GAUGAGCAAUGGAUGAUUUGC,42.86,-2.4,((((........)))).....,4.0,5.92,True
CD274_1975_1995,1975,1995,AUCGCUGUGCCAGGCAUUGAA,UUCAAUGCCUGGCACAGCGAU,52.38,-2.5,...(((......)))......,4.0,5.917,True
CD274_94_114,94,114,UUCAUGACCUACUGGCAUUUG,CAAAUGCCAGUAGGUCAUGAA,42.86,-2.7,...(((.((....)))))...,4.0,5.91,True
CD274_1813_1833,1813,1833,UACAGCUGAGGAAGCAAACAG,CUGUUUGCUUCCUCAGCUGUA,47.62,-2.8,....(((.....)))......,4.0,5.907,True
CD274_370_390,370,390,AUCACAGAUGUGAAAUUGCAG,CUGCAAUUUCACAUCUGUGAU,38.1,-2.9,.((((....))))........,4.0,5.903,True
CD274_1357_1377,1357,1377,UCUCAGUGUUGGAACGGGACA,UGUCCCGUUCCAACACUGAGA,52.38,-2.9,((((.((......))))))..,4.0,5.903,True
CD274_1279_1299,1279,1299,UAAUUUGAGGGUCAGUUCCUG,CAGGAACUGACCCUCAAAUUA,42.86,-2.9,.......((((.....)))).,4.0,5.903,True
CD274_937_957,937,957,ACGUAAUCCAGCAUUGGAACU,AGUUCCAAUGCUGGAUUACGU,42.86,-3.0,......((((....))))...,4.0,5.9,True
CD274_1609_1629,1609,1629,AAACCGUUGGUUGCAUAGGAU,AUCCUAUGCAACCAACGGUUU,42.86,-3.1,...((..((....))..))..,4.0,5.897,True
CD274_70_90,70,90,AUGAGGAUAUUUGCUGUCUUU,AAAGACAGCAAAUAUCCUCAU,33.33,-3.1,..(((((((.....))))))),4.0,5.897,True
CD274_1282_1302,1282,1302,UUUGAGGGUCAGUUCCUGCAG,CUGCAGGAACUGACCCUCAAA,52.38,-3.4,..((((((.....)))).)).,4.0,5.887,True
CD274_229_249,229,249,AUUGUCUAUUGGGAAAUGGAG,CUCCAUUUCCCAAUAGACAAU,38.1,-3.7,....((((((....)))))).,4.0,5.877,True
CD274_1675_1695,1675,1695,UUCUCAGACCUCAAGUGUCUG,CAGACACUUGAGGUCUGAGAA,47.62,-3.8,....((((((....).))))),4.0,5.873,True
CD274_1210_1230,1210,1230,UACUUCUGAACAAGGAGCCUC,GAGGCUCCUUGUUCAGAAGUA,47.62,-3.9,..(((((.....)))))....,4.0,5.87,True
CD274_625_645,625,645,AGAGAGGAGAAGCUUUUCAAU,AUUGAAAAGCUUCUCCUCUCU,38.1,-4.1,.((((((.....))))))...,4.0,5.863,True
CD274_403_423,403,423,UACCGCUGCAUGAUCAGCUAU,AUAGCUGAUCAUGCAGCGGUA,47.62,-4.1,....((((......))))...,4.0,5.863,True
CD274_1273_1293,1273,1293,AAUCCCUAAUUUGAGGGUCAG,CUGACCCUCAAAUUAGGGAUU,42.86,-4.5,...((((......))))....,4.0,5.85,True
CD274_700_720,700,720,UUUAGGAGAUUAGAUCCUGAG,CUCAGGAUCUAAUCUCCUAAA,38.1,-5.8,.((((((.......)))))).,4.0,5.807,True
CD274_610_630,610,630,ACCACCAAUUCCAAGAGAGAG,CUCUCUCUUGGAAUUGGUGGU,47.62,0.0,.....................,3.5,5.5,True
CD274_1879_1899,1879,1899,CACCCACUGUCCUUUUAUAAU,AUUAUAAAAGGACAGUGGGUG,38.1,0.0,.....................,3.5,5.5,True
CD274_667_687,667,687,AACACAACAACUAAUGAGAUU,AAUCUCAUUAGUUGUUGUGUU,28.57,0.0,.....................,4.5,5.5,True
CD274_457_477,457,477,GUCAAUGCCCCAUACAACAAA,UUUGUUGUAUGGGGCAUUGAC,42.86,0.0,.....................,3.5,5.5,True
CD274_2044_2064,2044,2064,UAUAAUGAGGAGAUUAACAAG,CUUGUUAAUCUCCUCAUUAUA,28.57,0.0,.....................,4.5,5.5,True
CD274_2041_2061,2041,2061,UAGUAUAAUGAGGAGAUUAAC,GUUAAUCUCCUCAUUAUACUA,28.57,0.0,.....................,4.5,5.5,True
CD274_658_678,658,678,CUGAGAAUCAACACAACAACU,AGUUGUUGUGUUGAUUCUCAG,38.1,0.0,.....................,3.5,5.5,True
CD274_679_699,679,699,AAUGAGAUUUUCUACUGCACU,AGUGCAGUAGAAAAUCUCAUU,33.33,0.0,.....................,3.5,5.5,True
CD274_163_183,163,183,UAUGGUAGCAAUAUGACAAUU,AAUUGUCAUAUUGCUACCAUA,28.57,0.0,.....................,4.5,5.5,True
CD274_1597_1617,1597,1617,AGCAUAAAGAUCAAACCGUUG,CAACGGUUUGAUCUUUAUGCU,38.1,0.0,.....................,3.5,5.5,True
CD274_1855_1875,1855,1875,AGUAAAUAGCAGACCUCAGAC,GUCUGAGGUCUGCUAUUUACU,42.86,0.0,.....................,3.5,5.5,True
CD274_781_801,781,801,AGGACUCACUUGGUAAUUCUG,CAGAAUUACCAAGUGAGUCCU,42.86,0.0,.....................,3.5,5.5,True
CD274_1579_1599,1579,1599,CUACAAGUAUACAUUGGAAGC,GCUUCCAAUGUAUACUUGUAG,38.1,0.0,.....................,3.5,5.5,True
CD274_1567_1587,1567,1587,UCUCCUCUAUAACUACAAGUA,UACUUGUAGUUAUAGAGGAGA,33.33,0.0,.....................,3.5,5.5,True
CD274_1564_1584,1564,1584,UGGUCUCCUCUAUAACUACAA,UUGUAGUUAUAGAGGAGACCA,38.1,0.0,.....................,3.5,5.5,True
CD274_244_264,244,264,AUGGAGGAUAAGAACAUUAUU,AAUAAUGUUCUUAUCCUCCAU,28.57,0.0,.....................,4.5,5.5,True
CD274_301_321,301,321,CAUAGUAGCUACAGACAGAGG,CCUCUGUCUGUAGCUACUAUG,47.62,0.0,.....................,3.5,5.5,True
CD274_2305_2325,2305,2325,UGCCAUAUAAUCUAAUGCUUG,CAAGCAUUAGAUUAUAUGGCA,33.33,0.0,.....................,3.5,5.5,True
CD274_1192_1212,1192,1212,UGUGACAGGGAGAAAGGAUAC,GUAUCCUUUCUCCCUGUCACA,47.62,0.0,.....................,3.5,5.5,True
CD274_2320_2340,2320,2340,UGCUUGUUUAUAUAGUGUCUG,CAGACACUAUAUAAACAAGCA,33.33,0.0,.....................,3.5,5.5,True
CD274_1486_1506,1486,1506,CAAUUUUGUCGCCAAACUAAA,UUUAGUUUGGCGACAAAAUUG,33.33,0.0,.....................,3.5,5.5,True
CD274_919_939,919,939,GAUACACAUUUGGAGGAGACG,CGUCUCCUCCAAAUGUGUAUC,47.62,0.0,.....................,3.5,5.5,True
CD274_922_942,922,942,ACACAUUUGGAGGAGACGUAA,UUACGUCUCCUCCAAAUGUGU,42.86,0.0,.....................,3.5,5.5,True
CD274_1483_1503,1483,1503,UUACAAUUUUGUCGCCAAACU,AGUUUGGCGACAAAAUUGUAA,33.33,0.0,.....................,3.5,5.5,True
CD274_1411_1431,1411,1431,AGUCUGUGAGGUCUUCUUGUC,GACAAGAAGACCUCACAGACU,47.62,0.0,.....................,3.5,5.5,True
CD274_1591_1611,1591,1611,AUUGGAAGCAUAAAGAUCAAA,UUUGAUCUUUAUGCUUCCAAU,28.57,0.0,.....................,4.5,5.5,True
CD274_373_393,373,393,ACAGAUGUGAAAUUGCAGGAU,AUCCUGCAAUUUCACAUCUGU,38.1,0.0,.....................,3.5,5.5,True
CD274_2047_2067,2047,2067,AAUGAGGAGAUUAACAAGAAA,UUUCUUGUUAAUCUCCUCAUU,28.57,0.0,.....................,4.5,5.5,True
CD274_115_135,115,135,CUGAACGCAUUUACUGUCACG,CGUGACAGUAAAUGCGUUCAG,47.62,0.0,.....................,3.5,5.5,True
CD274_79_99,79,99,UUUGCUGUCUUUAUAUUCAUG,CAUGAAUAUAAAGACAGCAAA,28.57,0.0,.....................,4.5,5.5,True
CD274_2299_2319,2299,2319,UGCCUUUGCCAUAUAAUCUAA,UUAGAUUAUAUGGCAAAGGCA,33.33,0.0,.....................,3.5,5.5,True
CD274_2167_2187,2167,2187,UGGGACGGUUGGAUAUACUUA,UAAGUAUAUCCAACCGUCCCA,42.86,0.0,.....................,3.5,5.5,True
CD274_460_480,460,480,AAUGCCCCAUACAACAAAAUC,GAUUUUGUUGUAUGGGGCAUU,38.1,0.0,.....................,3.5,5.5,True
CD274_2050_2070,2050,2070,GAGGAGAUUAACAAGAAAAUG,CAUUUUCUUGUUAAUCUCCUC,33.33,0.0,.....................,3.5,5.5,True
CD274_1759_1779,1759,1779,CAUUUCAUCGCUGUAACCACC,GGUGGUUACAGCGAUGAAAUG,47.62,0.0,.....................,3.5,5.5,True
CD274_160_180,160,180,GAGUAUGGUAGCAAUAUGACA,UGUCAUAUUGCUACCAUACUC,38.1,0.0,.....................,3.5,5.5,True
CD274_1798_1818,1798,1818,UUAUUUUACCCAUCGUACAGC,GCUGUACGAUGGGUAAAAUAA,38.1,0.0,.....................,3.5,5.5,True
CD274_685_705,685,705,AUUUUCUACUGCACUUUUAGG,CCUAAAAGUGCAGUAGAAAAU,33.33,0.0,.....................,3.5,5.5,True
CD274_1849_1869,1849,1869,CAAACCAGUAAAUAGCAGACC,GGUCUGCUAUUUACUGGUUUG,42.86,0.0,.....................,3.5,5.5,True
CD274_1741_1761,1741,1761,AGCCUACACACAUAAUCUCAU,AUGAGAUUAUGUGUGUAGGCU,38.1,0.0,.....................,3.5,5.5,True
CD274_1654_1674,1654,1674,ACUCUGGUUGACCUAAUCUUA,UAAGAUUAGGUCAACCAGAGU,38.1,-0.1,.....(((((...)))))...,3.5,5.497,True
CD274_1081_1101,1081,1101,AAAAUGGAACCUGGCGAAAGC,GCUUUCGCCAGGUUCCAUUUU,47.62,-0.1,.............((....)),3.5,5.497,True
CD274_2143_2163,2143,2163,AGGAGGAAAUAGGCCAAUGUG,CACAUUGGCCUAUUUCCUCCU,47.62,-0.1,....((.......))......,3.5,5.497,True
CD274_571_591,571,591,ACAAGCAGUGACCAUCAAGUC,GACUUGAUGGUCACUGCUUGU,47.62,-0.2,.........(((......))),3.5,5.493,True
CD274_1519_1539,1519,1539,UGAUUUGCUCACAUCUAGUAA,UUACUAGAUGUGAGCAAAUCA,33.33,-0.2,....(((((.......))))),3.5,5.493,True
CD274_1156_1176,1156,1176,UGAUACUUUCAAAUGCCUGAG,CUCAGGCAUUUGAAAGUAUCA,38.1,-0.3,(((.....)))..........,3.5,5.49,True
CD274_916_936,916,936,AGUGAUACACAUUUGGAGGAG,CUCCUCCAAAUGUGUAUCACU,42.86,-0.4,.(((...)))...........,3.5,5.487,True
CD274_1045_1065,1045,1065,UGCAGGCAAUGUGGGACUUAA,UUAAGUCCCACAUUGCCUGCA,47.62,-0.4,.(((.....))).........,3.5,5.487,True
CD274_586_606,586,606,CAAGUCCUGAGUGGUAAGACC,GGUCUUACCACUCAGGACUUG,52.38,-0.4,.....((.....)).......,3.5,5.487,True
CD274_2224_2244,2224,2244,GAGAGGUCGGUACUUAAAAUA,UAUUUUAAGUACCGACCUCUC,38.1,-0.4,..(((.......)))......,3.5,5.487,True
CD274_346_366,346,366,UCCCUGGGAAAUGCUGCACUU,AAGUGCAGCAUUUCCCAGGGA,52.38,-0.6,(((...)))............,3.5,5.48,True
CD274_1681_1701,1681,1701,GACCUCAAGUGUCUGUGCAGU,ACUGCACAGACACUUGAGGUC,52.38,-0.7,((((....).)))........,3.5,5.477,True
CD274_61_81,61,81,UCCAGAAAGAUGAGGAUAUUU,AAAUAUCCUCAUCUUUCUGGA,33.33,-0.8,(((..........))).....,3.5,5.473,True
CD274_688_708,688,708,UUCUACUGCACUUUUAGGAGA,UCUCCUAAAAGUGCAGUAGAA,38.1,-0.9,.(((.(((......))).))),3.5,5.47,True
CD274_1363_1383,1363,1383,UGUUGGAACGGGACAGUAUUU,AAAUACUGUCCCGUUCCAACA,42.86,-1.0,((((.......))))......,3.5,5.467,True
CD274_946_966,946,966,AGCAUUGGAACUUCUGAUCUU,AAGAUCAGAAGUUCCAAUGCU,38.1,-1.0,((.((((((...)))))))).,3.5,5.467,True
CD274_1981_2001,1981,2001,GUGCCAGGCAUUGAAUCUACA,UGUAGAUUCAAUGCCUGGCAC,47.62,-1.1,((((...))))..........,3.5,5.463,True
CD274_2086_2106,2086,2106,GUCCAGUGUCAUAGCAUAAGG,CCUUAUGCUAUGACACUGGAC,47.62,-1.1,.....((((....))))....,3.5,5.463,True
CD274_1777_1797,1777,1797,ACCCUGUUGUGAUAACCACUA,UAGUGGUUAUCACAACAGGGU,42.86,-1.3,........(((.....)))..,3.5,5.457,True
CD274_1222_1242,1222,1242,AGGAGCCUCCAAGCAAAUCAU,AUGAUUUGCUUGGAGGCUCCU,47.62,-1.3,.(((...)))...........,3.5,5.457,True
CD274_1696_1716,1696,1716,UGCAGUAUCUGUUCCAUUUAA,UUAAAUGGAACAGAUACUGCA,33.33,-1.3,.((((...)))).........,3.5,5.457,True
CD274_1201_1221,1201,1221,GAGAAAGGAUACUUCUGAACA,UGUUCAGAAGUAUCCUUUCUC,38.1,-1.3,.((((.(....))))).....,3.5,5.457,True
CD274_568_588,568,588,UGGACAAGCAGUGACCAUCAA,UUGAUGGUCACUGCUUGUCCA,47.62,-1.4,(((.((.....)).)))....,3.5,5.453,True
CD274_2122_2142,2122,2142,AACCCGAGCAGUGUUGCCAAG,CUUGGCAACACUGCUCGGGUU,57.14,-1.4,.......(((....)))....,4.5,5.453,True
CD274_2026_2046,2026,2046,UCCUCAAGGAGCUCAUAGUAU,AUACUAUGAGCUCCUUGAGGA,42.86,-1.4,(((....)))...........,3.5,5.453,True
CD274_109_129,109,129,CAUUUGCUGAACGCAUUUACU,AGUAAAUGCGUUCAGCAAAUG,38.1,-1.5,....(((.....)))......,3.5,5.45,True
CD274_106_126,106,126,UGGCAUUUGCUGAACGCAUUU,AAAUGCGUUCAGCAAAUGCCA,42.86,-1.7,.(((....)))..........,3.5,5.443,True
CD274_634_654,634,654,AAGCUUUUCAAUGUGACCAGC,GCUGGUCACAUUGAAAAGCUU,42.86,-1.7,..(((..(((...)))..))),3.5,5.443,True
CD274_559_579,559,579,GAAGUCAUCUGGACAAGCAGU,ACUGCUUGUCCAGAUGACUUC,47.62,-1.8,...(((.....))).......,3.5,5.44,True
CD274_289_309,289,309,CUGAAGGUUCAGCAUAGUAGC,GCUACUAUGCUGAACCUUCAG,47.62,-1.9,((((....)))).........,3.5,5.437,True
CD274_295_315,295,315,GUUCAGCAUAGUAGCUACAGA,UCUGUAGCUACUAUGCUGAAC,42.86,-1.9,....(((......))).....,3.5,5.437,True
CD274_766_786,766,786,CAUCCUCCAAAUGAAAGGACU,AGUCCUUUCAUUUGGAGGAUG,42.86,-1.9,.....(((........)))..,3.5,5.437,True
CD274_619_639,619,639,UCCAAGAGAGAGGAGAAGCUU,AAGCUUCUCCUCUCUCUUGGA,47.62,-2.0,(((........))).......,3.5,5.433,True
CD274_613_633,613,633,ACCAAUUCCAAGAGAGAGGAG,CUCCUCUCUCUUGGAAUUGGU,47.62,-2.2,......(((........))).,3.5,5.427,True
CD274_286_306,286,306,GACCUGAAGGUUCAGCAUAGU,ACUAUGCUGAACCUUCAGGUC,47.62,-2.2,...((((....))))......,3.5,5.427,True
CD274_943_963,943,963,UCCAGCAUUGGAACUUCUGAU,AUCAGAAGUUCCAAUGCUGGA,42.86,-3.0,((((....)))).........,3.5,5.4,True
CD274_2032_2052,2032,2052,AGGAGCUCAUAGUAUAAUGAG,CUCAUUAUACUAUGAGCUCCU,38.1,-3.0,.....(((((......))))),3.5,5.4,True
CD274_871_891,871,891,GAUGUGAAAAAAUGUGGCAUC,GAUGCCACAUUUUUUCACAUC,38.1,-3.1,(((((.(.......).))))),3.5,5.397,True
CD274_703_723,703,723,AGGAGAUUAGAUCCUGAGGAA,UUCCUCAGGAUCUAAUCUCCU,42.86,-3.2,((((.......))))......,3.5,5.393,True
CD274_1735_1755,1735,1755,UGUGGUAGCCUACACACAUAA,UUAUGUGUGUAGGCUACCACA,42.86,-3.6,(((((((...))).))))...,3.5,5.38,True
CD274_2146_2166,2146,2166,AGGAAAUAGGCCAAUGUGGUC,GACCACAUUGGCCUAUUUCCU,47.62,-3.7,........(((((...))))),3.5,5.377,True
CD274_1261_1281,1261,1281,AGACGGGUUGAGAAUCCCUAA,UUAGGGAUUCUCAACCCGUCU,47.62,-4.1,....(((........)))...,3.5,5.363,True
CD274_574_594,574,594,AGCAGUGACCAUCAAGUCCUG,CAGGACUUGAUGGUCACUGCU,52.38,-4.1,..(((.(((......)))))),3.5,5.363,True
CD274_2035_2055,2035,2055,AGCUCAUAGUAUAAUGAGGAG,CUCCUCAUUAUACUAUGAGCU,38.1,-4.2,..(((((......)))))...,3.5,5.36,True
CD274_844_864,844,864,UUCCGUUUAAGAAAAGGGAGA,UCUCCCUUUUCUUAAACGGAA,38.1,-4.7,((((.(((....))).)))).,3.5,5.343,True
CD274_133_153,133,153,ACGGUUCCCAAGGACCUAUAU,AUAUAGGUCCUUGGGAACCGU,47.62,-5.1,..(((((....))))).....,3.5,5.33,True
CD274_1666_1686,1666,1686,CUAAUCUUAUUCUCAGACCUC,GAGGUCUGAGAAUAAGAUUAG,38.1,0.0,.....................,3.0,5.0,True
CD274_2311_2331,2311,2331,AUAAUCUAAUGCUUGUUUAUA,UAUAAACAAGCAUUAGAUUAU,19.05,0.0,.....................,4.0,5.0,False
CD274_1228_1248,1228,1248,CUCCAAGCAAAUCAUCCAUUG,CAAUGGAUGAUUUGCUUGGAG,42.86,0.0,.....................,3.0,5.0,True
CD274_1525_1545,1525,1545,GCUCACAUCUAGUAAAACAUG,CAUGUUUUACUAGAUGUGAGC,38.1,0.0,.....................,3.0,5.0,True
CD274_1540_1560,1540,1560,AACAUGGAGUAUUUGUAAGGU,ACCUUACAAAUACUCCAUGUU,33.33,0.0,.....................,3.0,5.0,True
CD274_1426_1446,1426,1446,CUUGUCAUGUGAGUGUGGUUG,CAACCACACUCACAUGACAAG,47.62,0.0,.....................,3.0,5.0,True
CD274_1498_1518,1498,1518,CAAACUAAACUUGCUGCUUAA,UUAAGCAGCAAGUUUAGUUUG,33.33,0.0,.....................,3.0,5.0,True
CD274_1243_1263,1243,1263,CCAUUGCUCAUCCUAGGAAGA,UCUUCCUAGGAUGAGCAAUGG,47.62,0.0,.....................,3.0,5.0,True
CD274_1267_1287,1267,1287,GUUGAGAAUCCCUAAUUUGAG,CUCAAAUUAGGGAUUCUCAAC,38.1,0.0,.....................,3.0,5.0,True
CD274_2104_2124,2104,2124,AGGAUGAUGCGAGGGGAAAAC,GUUUUCCCCUCGCAUCAUCCU,52.38,0.0,.....................,3.0,5.0,True
CD274_508_528,508,528,GUCACCUCUGAACAUGAACUG,CAGUUCAUGUUCAGAGGUGAC,47.62,0.0,.....................,3.0,5.0,True
CD274_1831_1851,1831,1851,CAGAUUAAGUAACUUGCCCAA,UUGGGCAAGUUACUUAAUCUG,38.1,0.0,.....................,3.0,5.0,True
CD274_1963_1983,1963,1983,CUUGCAAUAUCAAUCGCUGUG,CACAGCGAUUGAUAUUGCAAG,42.86,0.0,.....................,3.0,5.0,True
CD274_661_681,661,681,AGAAUCAACACAACAACUAAU,AUUAGUUGUUGUGUUGAUUCU,28.57,0.0,.....................,4.0,5.0,True
CD274_601_621,601,621,AAGACCACCACCACCAAUUCC,GGAAUUGGUGGUGGUGGUCUU,52.38,0.0,.....................,3.0,5.0,True
CD274_2005_2025,2005,2025,GUGAGCAAGACAAAGUACCUG,CAGGUACUUUGUCUUGCUCAC,47.62,0.0,.....................,3.0,5.0,True
CD274_1897_1917,1897,1917,AAUACAAUUUACAGCUAUAUU,AAUAUAGCUGUAAAUUGUAUU,19.05,0.0,.....................,4.0,5.0,False
CD274_2227_2247,2227,2247,AGGUCGGUACUUAAAAUAACC,GGUUAUUUUAAGUACCGACCU,38.1,0.0,.....................,3.0,5.0,True
CD274_2191_2211,2191,2211,AUCUUAAUAAUCAGAGUAAUU,AAUUACUCUGAUUAUUAAGAU,19.05,0.0,.....................,4.0,5.0,False
CD274_433_453,433,453,GACUACAAGCGAAUUACUGUG,CACAGUAAUUCGCUUGUAGUC,42.86,0.0,.....................,3.0,5.0,True
CD274_2287_2307,2287,2307,UUAUUCCUGAUUUGCCUUUGC,GCAAAGGCAAAUCAGGAAUAA,38.1,0.0,.....................,3.0,5.0,True
CD274_2182_2202,2182,2202,UACUUAAACAUCUUAAUAAUC,GAUUAUUAAGAUGUUUAAGUA,19.05,0.0,.....................,4.0,5.0,False
CD274_2179_2199,2179,2199,AUAUACUUAAACAUCUUAAUA,UAUUAAGAUGUUUAAGUAUAU,14.29,0.0,.....................,4.0,5.0,False
CD274_2212_2232,2212,2232,UUCAUUUACAAAGAGAGGUCG,CGACCUCUCUUUGUAAAUGAA,38.1,0.0,.....................,3.0,5.0,True
CD274_2101_2121,2101,2121,AUAAGGAUGAUGCGAGGGGAA,UUCCCCUCGCAUCAUCCUUAU,47.62,0.0,.....................,3.0,5.0,True
CD274_1744_1764,1744,1764,CUACACACAUAAUCUCAUUUC,GAAAUGAGAUUAUGUGUGUAG,33.33,0.0,.....................,3.0,5.0,True
CD274_172_192,172,192,AAUAUGACAAUUGAAUGCAAA,UUUGCAUUCAAUUGUCAUAUU,23.81,0.0,.....................,4.0,5.0,False
CD274_763_783,763,783,GCACAUCCUCCAAAUGAAAGG,CCUUUCAUUUGGAGGAUGUGC,47.62,0.0,.....................,3.0,5.0,True
CD274_1663_1683,1663,1683,GACCUAAUCUUAUUCUCAGAC,GUCUGAGAAUAAGAUUAGGUC,38.1,0.0,.....................,3.0,5.0,True
CD274_832_852,832,852,CUGACAUUCAUCUUCCGUUUA,UAAACGGAAGAUGAAUGUCAG,38.1,0.0,.....................,3.0,5.0,True
CD274_847_867,847,867,CGUUUAAGAAAAGGGAGAAUG,CAUUCUCCCUUUUCUUAAACG,38.1,0.0,.....................,3.0,5.0,True
CD274_826_846,826,846,GUAGCACUGACAUUCAUCUUC,GAAGAUGAAUGUCAGUGCUAC,42.86,0.0,.....................,3.0,5.0,True
CD274_1672_1692,1672,1692,UUAUUCUCAGACCUCAAGUGU,ACACUUGAGGUCUGAGAAUAA,38.1,0.0,.....................,3.0,5.0,True
CD274_208_228,208,228,CAAUUAGACCUGGCUGCACUA,UAGUGCAGCCAGGUCUAAUUG,47.62,0.0,.....................,3.0,5.0,True
CD274_895_915,895,915,GAUACAAACUCAAAGAAGCAA,UUGCUUCUUUGAGUUUGUAUC,33.33,0.0,.....................,3.0,5.0,True
CD274_1549_1569,1549,1569,UAUUUGUAAGGUGCUUGGUCU,AGACCAAGCACCUUACAAAUA,38.1,0.0,.....................,3.0,5.0,True
CD274_205_225,205,225,AAACAAUUAGACCUGGCUGCA,UGCAGCCAGGUCUAAUUGUUU,42.86,0.0,.....................,3.0,5.0,True
CD274_1324_1344,1324,1344,AAUGCCUCAAUUUGUUUUCUG,CAGAAAACAAAUUGAGGCAUU,33.33,0.0,.....................,3.0,5.0,True
CD274_1489_1509,1489,1509,UUUUGUCGCCAAACUAAACUU,AAGUUUAGUUUGGCGACAAAA,33.33,0.0,.....................,3.0,5.0,True
CD274_430_450,430,450,GCCGACUACAAGCGAAUUACU,AGUAAUUCGCUUGUAGUCGGC,47.62,0.0,.....................,3.0,5.0,True
CD274_1828_1848,1828,1848,AAACAGAUUAAGUAACUUGCC,GGCAAGUUACUUAAUCUGUUU,33.33,0.0,.....................,3.0,5.0,True
CD274_265_285,265,285,CAAUUUGUGCAUGGAGAGGAA,UUCCUCUCCAUGCACAAAUUG,42.86,0.0,.....................,3.0,5.0,True
CD274_1312_1332,1312,1332,UUGCCUCCACUCAAUGCCUCA,UGAGGCAUUGAGUGGAGGCAA,52.38,0.0,.....................,3.0,5.0,True
CD274_349_369,349,369,CUGGGAAAUGCUGCACUUCAG,CUGAAGUGCAGCAUUUCCCAG,52.38,-0.1,(((((...........))))),3.0,4.997,True
CD274_1657_1677,1657,1677,CUGGUUGACCUAAUCUUAUUC,GAAUAAGAUUAGGUCAACCAG,38.1,-0.1,..(((((...)))))......,3.0,4.997,True
CD274_691_711,691,711,UACUGCACUUUUAGGAGAUUA,UAAUCUCCUAAAAGUGCAGUA,33.33,-0.1,..((.(.......).))....,3.0,4.997,True
CD274_2002_2022,2002,2022,GAUGUGAGCAAGACAAAGUAC,GUACUUUGUCUUGCUCACAUC,42.86,-0.1,..(((.......)))......,3.0,4.997,True
CD274_214_234,214,234,GACCUGGCUGCACUAAUUGUC,GACAAUUAGUGCAGCCAGGUC,52.38,-0.1,(((.(((.....)))...))),3.0,4.997,True
CD274_445_465,445,465,AUUACUGUGAAAGUCAAUGCC,GGCAUUGACUUUCACAGUAAU,38.1,-0.1,...(((.....))).......,3.0,4.997,True
CD274_1246_1266,1246,1266,UUGCUCAUCCUAGGAAGACGG,CCGUCUUCCUAGGAUGAGCAA,52.38,-0.2,.((.((.((....)).)))).,3.0,4.993,True
CD274_877_897,877,897,AAAAAAUGUGGCAUCCAAGAU,AUCUUGGAUGCCACAUUUUUU,33.33,-0.3,........(((...)))....,3.0,4.99,True
CD274_88_108,88,108,UUUAUAUUCAUGACCUACUGG,CCAGUAGGUCAUGAAUAUAAA,33.33,-0.3,.............((....)),3.0,4.99,True
CD274_1843_1863,1843,1863,CUUGCCCAAACCAGUAAAUAG,CUAUUUACUGGUUUGGGCAAG,42.86,-0.4,.((((........))))....,3.0,4.987,True
CD274_2341_2361,2341,2361,GUAUUGUUUAACAGUUCUGUC,GACAGAACUGUUAAACAAUAC,33.33,-0.4,..(((((...)))))......,3.0,4.987,True
CD274_1552_1572,1552,1572,UUGUAAGGUGCUUGGUCUCCU,AGGAGACCAAGCACCUUACAA,47.62,-0.4,.....(((.(......).))),3.0,4.987,True
CD274_1195_1215,1195,1215,GACAGGGAGAAAGGAUACUUC,GAAGUAUCCUUUCUCCCUGUC,47.62,-0.5,.....((((........)))),3.0,4.983,True
CD274_2134_2154,2134,2154,GUUGCCAAGAGGAGGAAAUAG,CUAUUUCCUCCUCUUGGCAAC,47.62,-0.5,....((....)).........,3.0,4.983,True
CD274_709_729,709,729,UUAGAUCCUGAGGAAAACCAU,AUGGUUUUCCUCAGGAUCUAA,38.1,-0.6,.....(((...))).......,3.0,4.98,True
CD274_1480_1500,1480,1500,AUGUUACAAUUUUGUCGCCAA,UUGGCGACAAAAUUGUAACAU,33.33,-0.6,..((.(((....))).))...,3.0,4.98,True
CD274_2392_2412,2392,2412,UUCAUACCUUUCCAUGAUUCA,UGAAUCAUGGAAAGGUAUGAA,33.33,-0.7,.((((........))))....,3.0,4.977,True
CD274_217_237,217,237,CUGGCUGCACUAAUUGUCUAU,AUAGACAAUUAGUGCAGCCAG,42.86,-0.8,..(((..........)))...,3.0,4.973,True
CD274_55_75,55,75,GGGCAUUCCAGAAAGAUGAGG,CCUCAUCUUUCUGGAAUGCCC,52.38,-0.8,((.....))............,3.0,4.973,True
CD274_82_102,82,102,GCUGUCUUUAUAUUCAUGACC,GGUCAUGAAUAUAAAGACAGC,38.1,-0.9,...(((...........))).,3.0,4.97,True
CD274_85_105,85,105,GUCUUUAUAUUCAUGACCUAC,GUAGGUCAUGAAUAUAAAGAC,33.33,-0.9,(((...........)))....,3.0,4.97,True
CD274_760_780,760,780,CUGGCACAUCCUCCAAAUGAA,UUCAUUUGGAGGAUGUGCCAG,47.62,-0.9,.(((........)))......,3.0,4.97,True
CD274_1687_1707,1687,1707,AAGUGUCUGUGCAGUAUCUGU,ACAGAUACUGCACAGACACUU,42.86,-1.0,..........((((...)))),3.0,4.967,True
CD274_2038_2058,2038,2058,UCAUAGUAUAAUGAGGAGAUU,AAUCUCCUCAUUAUACUAUGA,28.57,-1.0,((((......)))).......,4.0,4.967,True
CD274_1954_1974,1954,1974,UUAAGUGCCCUUGCAAUAUCA,UGAUAUUGCAAGGGCACUUAA,38.1,-1.0,.....(((....)))......,3.0,4.967,True
CD274_811_831,811,831,UUAUUAUGCCUUGGUGUAGCA,UGCUACACCAAGGCAUAAUAA,38.1,-1.0,...((((((....))))))..,3.0,4.967,True
CD274_184_204,184,204,GAAUGCAAAUUCCCAGUAGAA,UUCUACUGGGAAUUUGCAUUC,38.1,-1.1,((((....)))).........,3.0,4.963,True
CD274_1618_1638,1618,1638,GUUGCAUAGGAUGUCACCUUU,AAAGGUGACAUCCUAUGCAAC,42.86,-1.1,.......(((......)))..,3.0,4.963,True
CD274_1405_1425,1405,1425,AUUUUGAGUCUGUGAGGUCUU,AAGACCUCACAGACUCAAAAU,38.1,-1.1,.....(((.((....)).))),3.0,4.963,True
CD274_1771_1791,1771,1791,GUAACCACCCUGUUGUGAUAA,UUAUCACAACAGGGUGGUUAC,42.86,-1.2,.....(((......)))....,3.0,4.96,True
CD274_793_813,793,813,GUAAUUCUGGGAGCCAUCUUA,UAAGAUGGCUCCCAGAAUUAC,42.86,-1.2,.......(((((....))))),3.0,4.96,True
CD274_736_756,736,756,GAAUUGGUCAUCCCAGAACUA,UAGUUCUGGGAUGACCAAUUC,42.86,-1.2,....(((.....)))......,3.0,4.96,True
CD274_136_156,136,156,GUUCCCAAGGACCUAUAUGUG,CACAUAUAGGUCCUUGGGAAC,47.62,-1.2,((((....)))).........,3.0,4.96,True
CD274_1249_1269,1249,1269,CUCAUCCUAGGAAGACGGGUU,AACCCGUCUUCCUAGGAUGAG,52.38,-1.3,...((((.........)))).,3.0,4.957,True
CD274_1780_1800,1780,1800,CUGUUGUGAUAACCACUAUUA,UAAUAGUGGUUAUCACAACAG,33.33,-1.3,.....(((.....))).....,3.0,4.957,True
CD274_1969_1989,1969,1989,AUAUCAAUCGCUGUGCCAGGC,GCCUGGCACAGCGAUUGAUAU,52.38,-1.3,.........(((......))),3.0,4.957,True
CD274_1123_1143,1123,1143,AUGGAGUCAAACAGGGAGCCU,AGGCUCCCUGUUUGACUCCAU,52.38,-1.4,..((..((......))..)).,3.0,4.953,True
CD274_2023_2043,2023,2043,CUGUCCUCAAGGAGCUCAUAG,CUAUGAGCUCCUUGAGGACAG,52.38,-1.4,...(((....)))........,3.0,4.953,True
CD274_739_759,739,759,UUGGUCAUCCCAGAACUACCU,AGGUAGUUCUGGGAUGACCAA,47.62,-1.6,((((.....))))........,3.0,4.947,True
CD274_73_93,73,93,AGGAUAUUUGCUGUCUUUAUA,UAUAAAGACAGCAAAUAUCCU,28.57,-1.7,.(((((.....))))).....,4.0,4.943,True
CD274_2164_2184,2164,2184,GUCUGGGACGGUUGGAUAUAC,GUAUAUCCAACCGUCCCAGAC,52.38,-1.7,((((((.....))))))....,3.0,4.943,True
CD274_103_123,103,123,UACUGGCAUUUGCUGAACGCA,UGCGUUCAGCAAAUGCCAGUA,47.62,-1.7,....(((....))).......,3.0,4.943,True
CD274_1360_1380,1360,1380,CAGUGUUGGAACGGGACAGUA,UACUGUCCCGUUCCAACACUG,52.38,-1.7,.(.((((.......)))).).,3.0,4.943,True
CD274_961_981,961,981,GAUCUUCAAGCAGGGAUUCUC,GAGAAUCCCUGCUUGAAGAUC,47.62,-1.8,((((((......))))))...,3.0,4.94,True
CD274_2257_2277,2257,2277,AACACUGGAAUUCCUUUUCUA,UAGAAAAGGAAUUCCAGUGUU,33.33,-1.8,.....(((((......))))),3.0,4.94,True
CD274_1804_1824,1804,1824,UACCCAUCGUACAGCUGAGGA,UCCUCAGCUGUACGAUGGGUA,52.38,-1.8,...((.(((......))))).,3.0,4.94,True
CD274_499_519,499,519,GUGGAUCCAGUCACCUCUGAA,UUCAGAGGUGACUGGAUCCAC,52.38,-1.9,.......(((......)))..,3.0,4.937,True
CD274_502_522,502,522,GAUCCAGUCACCUCUGAACAU,AUGUUCAGAGGUGACUGGAUC,47.62,-1.9,....(((......))).....,3.0,4.937,True
CD274_1603_1623,1603,1623,AAGAUCAAACCGUUGGUUGCA,UGCAACCAACGGUUUGAUCUU,42.86,-1.9,..((((((....))))))...,3.0,4.937,True
CD274_298_318,298,318,CAGCAUAGUAGCUACAGACAG,CUGUCUGUAGCUACUAUGCUG,47.62,-1.9,.(((......)))........,3.0,4.937,True
CD274_1339_1359,1339,1359,UUUCUGCAUGACUGAGAGUCU,AGACUCUCAGUCAUGCAGAAA,42.86,-2.0,.........((((...)))).,3.0,4.933,True
CD274_742_762,742,762,GUCAUCCCAGAACUACCUCUG,CAGAGGUAGUUCUGGGAUGAC,52.38,-2.0,.......((((......)))),3.0,4.933,True
CD274_2020_2040,2020,2040,UACCUGUCCUCAAGGAGCUCA,UGAGCUCCUUGAGGACAGGUA,52.38,-2.0,..(((.......)))......,3.0,4.933,True
CD274_1543_1563,1543,1563,AUGGAGUAUUUGUAAGGUGCU,AGCACCUUACAAAUACUCCAU,38.1,-2.1,....(((((((...))))))),3.0,4.93,True
CD274_145_165,145,165,GACCUAUAUGUGGUAGAGUAU,AUACUCUACCACAUAUAGGUC,38.1,-2.2,.(((.......))).......,3.0,4.927,True
CD274_2011_2031,2011,2031,AAGACAAAGUACCUGUCCUCA,UGAGGACAGGUACUUUGUCUU,42.86,-2.2,..((((.......))))....,3.0,4.927,True
CD274_490_510,490,510,AUUUUGGUUGUGGAUCCAGUC,GACUGGAUCCACAACCAAAAU,42.86,-2.2,...((((........))))..,3.0,4.927,True
CD274_820_840,820,840,CUUGGUGUAGCACUGACAUUC,GAAUGUCAGUGCUACACCAAG,47.62,-2.2,.((((((...)))))).....,3.0,4.927,True
CD274_913_933,913,933,CAAAGUGAUACACAUUUGGAG,CUCCAAAUGUGUAUCACUUUG,38.1,-2.4,(((((((...))).))))...,3.0,4.92,True
CD274_382_402,382,402,AAAUUGCAGGAUGCAGGGGUG,CACCCCUGCAUCCUGCAAUUU,52.38,-2.4,...(((((...))))).....,3.0,4.92,True
CD274_283_303,283,303,GAAGACCUGAAGGUUCAGCAU,AUGCUGAACCUUCAGGUCUUC,47.62,-2.4,...((((....))))......,3.0,4.92,True
CD274_280_300,280,300,GAGGAAGACCUGAAGGUUCAG,CUGAACCUUCAGGUCUUCCUC,52.38,-2.4,......((((....))))...,3.0,4.92,True
CD274_523_543,523,543,GAACUGACAUGUCAGGCUGAG,CUCAGCCUGACAUGUCAGUUC,52.38,-2.7,...((((....))))......,3.0,4.91,True
CD274_622_642,622,642,AAGAGAGAGGAGAAGCUUUUC,GAAAAGCUUCUCCUCUCUCUU,42.86,-2.8,....((((((.....)))))),3.0,4.907,True
CD274_412_432,412,432,AUGAUCAGCUAUGGUGGUGCC,GGCACCACCAUAGCUGAUCAU,52.38,-2.9,((.((((....)))).))...,3.0,4.903,True
CD274_367_387,367,387,CAGAUCACAGAUGUGAAAUUG,CAAUUUCACAUCUGUGAUCUG,38.1,-2.9,....((((....)))).....,3.0,4.903,True
CD274_1729_1749,1729,1749,CAAUUAUGUGGUAGCCUACAC,GUGUAGGCUACCACAUAAUUG,42.86,-2.9,......(((((....))))).,3.0,4.903,True
CD274_940_960,940,960,UAAUCCAGCAUUGGAACUUCU,AGAAGUUCCAAUGCUGGAUUA,38.1,-3.0,...((((....))))......,3.0,4.9,True
CD274_1858_1878,1858,1878,AAAUAGCAGACCUCAGACUGC,GCAGUCUGAGGUCUGCUAUUU,47.62,-3.4,.....((((........)))),3.0,4.887,True
CD274_1231_1251,1231,1251,CAAGCAAAUCAUCCAUUGCUC,GAGCAAUGGAUGAUUUGCUUG,42.86,-3.5,..(((((........))))).,3.0,4.883,True
CD274_1723_1743,1723,1743,GCUUUACAAUUAUGUGGUAGC,GCUACCACAUAAUUGUAAAGC,38.1,-3.5,((((((((....))))).))),3.0,4.883,True
CD274_517_537,517,537,GAACAUGAACUGACAUGUCAG,CUGACAUGUCAGUUCAUGUUC,42.86,-3.5,((.((((......))))))..,3.0,4.883,True
CD274_232_252,232,252,GUCUAUUGGGAAAUGGAGGAU,AUCCUCCAUUUCCCAAUAGAC,42.86,-3.7,.((((((....))))))....,3.0,4.877,True
CD274_967_987,967,987,CAAGCAGGGAUUCUCAACCUG,CAGGUUGAGAAUCCCUGCUUG,52.38,-3.8,....((((.........)))),3.0,4.873,True
CD274_1342_1362,1342,1362,CUGCAUGACUGAGAGUCUCAG,CUGAGACUCUCAGUCAUGCAG,52.38,-3.8,........(((((...))))),3.0,4.873,True
CD274_1207_1227,1207,1227,GGAUACUUCUGAACAAGGAGC,GCUCCUUGUUCAGAAGUAUCC,47.62,-3.9,.....(((((.....))))).,3.0,4.87,True
CD274_1162_1182,1162,1182,UUUCAAAUGCCUGAGGGGCUC,GAGCCCCUCAGGCAUUUGAAA,52.38,-4.1,........((((...))))..,3.0,4.863,True
CD274_481_501,481,501,AACCAAAGAAUUUUGGUUGUG,CACAACCAAAAUUCUUUGGUU,33.33,-5.4,(((((((....)))))))...,3.0,4.82,True
CD274_745_765,745,765,AUCCCAGAACUACCUCUGGCA,UGCCAGAGGUAGUUCUGGGAU,52.38,-5.7,...(((((......)))))..,3.0,4.81,True
CD274_562_582,562,582,GUCAUCUGGACAAGCAGUGAC,GUCACUGCUUGUCCAGAUGAC,52.38,-6.1,((((.(((......))))))),3.0,4.797,True
CD274_2149_2169,2149,2169,AAAUAGGCCAAUGUGGUCUGG,CCAGACCACAUUGGCCUAUUU,47.62,-6.7,...(((((((...))))))).,3.0,4.777,True
CD274_1108_1128,1108,1128,GGAGAAUGAAGAAAGAUGGAG,CUCCAUCUUUCUUCAUUCUCC,42.86,0.0,.....................,2.5,4.5,True
CD274_2395_2415,2395,2415,AUACCUUUCCAUGAUUCAAAA,UUUUGAAUCAUGGAAAGGUAU,28.57,0.0,.....................,3.5,4.5,True
CD274_1876_1896,1876,1896,UGCCACCCACUGUCCUUUUAU,AUAAAAGGACAGUGGGUGGCA,47.62,0.0,.....................,2.5,4.5,True
CD274_2350_2370,2350,2370,AACAGUUCUGUCUUUUCUAUU,AAUAGAAAAGACAGAACUGUU,28.57,0.0,.....................,3.5,4.5,True
CD274_1984_2004,1984,2004,CCAGGCAUUGAAUCUACAGAU,AUCUGUAGAUUCAAUGCCUGG,42.86,0.0,.....................,2.5,4.5,True
CD274_1561_1581,1561,1581,GCUUGGUCUCCUCUAUAACUA,UAGUUAUAGAGGAGACCAAGC,42.86,0.0,.....................,2.5,4.5,True
CD274_2365_2385,2365,2385,UCUAUUUAAAUGCCACUAAAU,AUUUAGUGGCAUUUAAAUAGA,23.81,0.0,.....................,3.5,4.5,False
CD274_1420_1440,1420,1440,GGUCUUCUUGUCAUGUGAGUG,CACUCACAUGACAAGAAGACC,47.62,0.0,.....................,2.5,4.5,True
CD274_1501_1521,1501,1521,ACUAAACUUGCUGCUUAAUGA,UCAUUAAGCAGCAAGUUUAGU,33.33,0.0,.....................,2.5,4.5,True
CD274_1558_1578,1558,1578,GGUGCUUGGUCUCCUCUAUAA,UUAUAGAGGAGACCAAGCACC,47.62,0.0,.....................,2.5,4.5,True
CD274_1570_1590,1570,1590,CCUCUAUAACUACAAGUAUAC,GUAUACUUGUAGUUAUAGAGG,33.33,0.0,.....................,2.5,4.5,True
CD274_853_873,853,873,AGAAAAGGGAGAAUGAUGGAU,AUCCAUCAUUCUCCCUUUUCU,38.1,0.0,.....................,2.5,4.5,True
CD274_1492_1512,1492,1512,UGUCGCCAAACUAAACUUGCU,AGCAAGUUUAGUUUGGCGACA,42.86,0.0,.....................,2.5,4.5,True
CD274_1462_1482,1462,1482,GAAGAUAUAUUGUAGUAGAUG,CAUCUACUACAAUAUAUCUUC,28.57,0.0,.....................,3.5,4.5,True
CD274_1699_1719,1699,1719,AGUAUCUGUUCCAUUUAAAUA,UAUUUAAAUGGAACAGAUACU,23.81,0.0,.....................,3.5,4.5,False
CD274_1633_1653,1633,1653,ACCUUUAUUUAACCCAUUAAU,AUUAAUGGGUUAAAUAAAGGU,23.81,0.0,.....................,3.5,4.5,False
CD274_694_714,694,714,UGCACUUUUAGGAGAUUAGAU,AUCUAAUCUCCUAAAAGUGCA,33.33,0.0,.....................,2.5,4.5,True
CD274_1852_1872,1852,1872,ACCAGUAAAUAGCAGACCUCA,UGAGGUCUGCUAUUUACUGGU,42.86,0.0,.....................,2.5,4.5,True
CD274_1846_1866,1846,1866,GCCCAAACCAGUAAAUAGCAG,CUGCUAUUUACUGGUUUGGGC,47.62,0.0,.....................,2.5,4.5,True
CD274_1822_1842,1822,1842,GGAAGCAAACAGAUUAAGUAA,UUACUUAAUCUGUUUGCUUCC,33.33,0.0,.....................,2.5,4.5,True
CD274_64_84,64,84,AGAAAGAUGAGGAUAUUUGCU,AGCAAAUAUCCUCAUCUUUCU,33.33,0.0,.....................,2.5,4.5,True
CD274_1750_1770,1750,1770,ACAUAAUCUCAUUUCAUCGCU,AGCGAUGAAAUGAGAUUAUGU,33.33,0.0,.....................,2.5,4.5,True
CD274_1330_1350,1330,1350,UCAAUUUGUUUUCUGCAUGAC,GUCAUGCAGAAAACAAAUUGA,33.33,-0.1,......(((.....)))....,2.5,4.497,True
CD274_1372_1392,1372,1392,GGGACAGUAUUUAUGUAUGAG,CUCAUACAUAAAUACUGUCCC,38.1,-0.1,...(((.......))).....,2.5,4.497,True
CD274_1510_1530,1510,1530,GCUGCUUAAUGAUUUGCUCAC,GUGAGCAAAUCAUUAAGCAGC,42.86,-0.2,...((..........))....,2.5,4.493,True
CD274_358_378,358,378,GCUGCACUUCAGAUCACAGAU,AUCUGUGAUCUGAAGUGCAGC,47.62,-0.3,.(((.....))).........,2.5,4.49,True
CD274_838_858,838,858,UUCAUCUUCCGUUUAAGAAAA,UUUUCUUAAACGGAAGAUGAA,28.57,-0.3,....((((......))))...,3.5,4.49,True
CD274_1645_1665,1645,1665,CCCAUUAAUACUCUGGUUGAC,GUCAACCAGAGUAUUAAUGGG,42.86,-0.3,.(((.........))).....,2.5,4.49,True
CD274_730_750,730,750,ACAGCUGAAUUGGUCAUCCCA,UGGGAUGACCAAUUCAGCUGU,47.62,-0.4,..........(((.....))),2.5,4.487,True
CD274_166_186,166,186,GGUAGCAAUAUGACAAUUGAA,UUCAAUUGUCAUAUUGCUACC,33.33,-0.5,.....((((......))))..,2.5,4.483,True
CD274_169_189,169,189,AGCAAUAUGACAAUUGAAUGC,GCAUUCAAUUGUCAUAUUGCU,33.33,-0.5,..((((......)))).....,2.5,4.483,True
CD274_1225_1245,1225,1245,AGCCUCCAAGCAAAUCAUCCA,UGGAUGAUUUGCUUGGAGGCU,47.62,-0.5,.((......))..........,2.5,4.483,True
CD274_1336_1356,1336,1356,UGUUUUCUGCAUGACUGAGAG,CUCUCAGUCAUGCAGAAAACA,42.86,-0.5,...((((.........)))).,2.5,4.483,True
CD274_802_822,802,822,GGAGCCAUCUUAUUAUGCCUU,AAGGCAUAAUAAGAUGGCUCC,42.86,-0.6,.(((.(((......))).))),2.5,4.48,True
CD274_2230_2250,2230,2250,UCGGUACUUAAAAUAACCCUG,CAGGGUUAUUUUAAGUACCGA,38.1,-0.6,..(((..........)))...,2.5,4.48,True
CD274_1720_1740,1720,1740,UCAGCUUUACAAUUAUGUGGU,ACCACAUAAUUGUAAAGCUGA,33.33,-0.6,......(((((....))))).,2.5,4.48,True
CD274_712_732,712,732,GAUCCUGAGGAAAACCAUACA,UGUAUGGUUUUCCUCAGGAUC,42.86,-0.6,..(((...)))..........,2.5,4.48,True
CD274_631_651,631,651,GAGAAGCUUUUCAAUGUGACC,GGUCACAUUGAAAAGCUUCUC,42.86,-0.9,((((....)))).........,2.5,4.47,True
CD274_1417_1437,1417,1437,UGAGGUCUUCUUGUCAUGUGA,UCACAUGACAAGAAGACCUCA,42.86,-0.9,(((.(......).))).....,2.5,4.47,True
CD274_547_567,547,567,UACCCCAAGGCCGAAGUCAUC,GAUGACUUCGGCCUUGGGGUA,57.14,-0.9,........(((....)))...,3.5,4.47,True
CD274_772_792,772,792,CCAAAUGAAAGGACUCACUUG,CAAGUGAGUCCUUUCAUUUGG,42.86,-1.0,.(((.(((......))).))),2.5,4.467,True
CD274_1060_1080,1060,1080,ACUUAAAAGGCCCAAGCACUG,CAGUGCUUGGGCCUUUUAAGU,47.62,-1.0,.......((((....)).)).,2.5,4.467,True
CD274_955_975,955,975,ACUUCUGAUCUUCAAGCAGGG,CCCUGCUUGAAGAUCAGAAGU,47.62,-1.1,...((((.........)))).,2.5,4.463,True
CD274_178_198,178,198,ACAAUUGAAUGCAAAUUCCCA,UGGGAAUUUGCAUUCAAUUGU,33.33,-1.1,......((((....))))...,2.5,4.463,True
CD274_1774_1794,1774,1794,ACCACCCUGUUGUGAUAACCA,UGGUUAUCACAACAGGGUGGU,47.62,-1.2,..(((......))).......,2.5,4.46,True
CD274_973_993,973,993,GGGAUUCUCAACCUGUGGUUU,AAACCACAGGUUGAGAAUCCC,47.62,-1.2,(((........))).......,2.5,4.46,True
CD274_733_753,733,753,GCUGAAUUGGUCAUCCCAGAA,UUCUGGGAUGACCAAUUCAGC,47.62,-1.2,.......(((.....)))...,2.5,4.46,True
CD274_1216_1236,1216,1236,UGAACAAGGAGCCUCCAAGCA,UGCUUGGAGGCUCCUUGUUCA,52.38,-1.3,.......(((...))).....,2.5,4.457,True
CD274_1690_1710,1690,1710,UGUCUGUGCAGUAUCUGUUCC,GGAACAGAUACUGCACAGACA,47.62,-1.4,.....(.((((...)))).).,2.5,4.453,True
CD274_784_804,784,804,ACUCACUUGGUAAUUCUGGGA,UCCCAGAAUUACCAAGUGAGU,42.86,-1.4,.....(((((.....))))).,2.5,4.453,True
CD274_1987_2007,1987,2007,GGCAUUGAAUCUACAGAUGUG,CACAUCUGUAGAUUCAAUGCC,42.86,-1.8,.(((((.........))))).,2.5,4.44,True
CD274_637_657,637,657,CUUUUCAAUGUGACCAGCACA,UGUGCUGGUCACAUUGAAAAG,42.86,-1.8,........((((.....)))),2.5,4.44,True
CD274_1147_1167,1147,1167,GGGAGACCUUGAUACUUUCAA,UUGAAAGUAUCAAGGUCUCCC,42.86,-1.9,((....)).(((.....))).,2.5,4.437,True
CD274_505_525,505,525,CCAGUCACCUCUGAACAUGAA,UUCAUGUUCAGAGGUGACUGG,47.62,-1.9,.(((......)))........,2.5,4.437,True
CD274_769_789,769,789,CCUCCAAAUGAAAGGACUCAC,GUGAGUCCUUUCAUUUGGAGG,47.62,-1.9,..(((........))).....,2.5,4.437,True
CD274_223_243,223,243,GCACUAAUUGUCUAUUGGGAA,UUCCCAAUAGACAAUUAGUGC,38.1,-1.9,...(((((.....)))))...,2.5,4.437,True
CD274_277_297,277,297,GGAGAGGAAGACCUGAAGGUU,AACCUUCAGGUCUUCCUCUCC,52.38,-2.0,.........((((....)))),2.5,4.433,True
CD274_2161_2181,2161,2181,GUGGUCUGGGACGGUUGGAUA,UAUCCAACCGUCCCAGACCAC,57.14,-2.1,...((((((.....)))))).,3.5,4.43,True
CD274_361_381,361,381,GCACUUCAGAUCACAGAUGUG,CACAUCUGUGAUCUGAAGUGC,47.62,-2.1,.(((.((........)).))),2.5,4.43,True
CD274_2008_2028,2008,2028,AGCAAGACAAAGUACCUGUCC,GGACAGGUACUUUGUCUUGCU,47.62,-2.2,.....((((.......)))).,2.5,4.427,True
CD274_139_159,139,159,CCCAAGGACCUAUAUGUGGUA,UACCACAUAUAGGUCCUUGGG,47.62,-2.2,.......(((.......))).,2.5,4.427,True
CD274_2098_2118,2098,2118,AGCAUAAGGAUGAUGCGAGGG,CCCUCGCAUCAUCCUUAUGCU,52.38,-2.5,.((((.......)))).....,2.5,4.417,True
CD274_409_429,409,429,UGCAUGAUCAGCUAUGGUGGU,ACCACCAUAGCUGAUCAUGCA,47.62,-2.5,...((.((((....)))).)),2.5,4.417,True
CD274_1198_1218,1198,1218,AGGGAGAAAGGAUACUUCUGA,UCAGAAGUAUCCUUUCUCCCU,42.86,-2.6,.(((((........)))))..,2.5,4.413,True
CD274_1285_1305,1285,1305,GAGGGUCAGUUCCUGCAGAAG,CUUCUGCAGGAACUGACCCUC,57.14,-2.9,.((((.....)))).......,3.5,4.403,True
CD274_514_534,514,534,UCUGAACAUGAACUGACAUGU,ACAUGUCAGUUCAUGUUCAGA,38.1,-3.0,.....(((((......))))),2.5,4.4,True
CD274_1612_1632,1612,1632,CCGUUGGUUGCAUAGGAUGUC,GACAUCCUAUGCAACCAACGG,52.38,-3.1,((..((....))..)).....,2.5,4.397,True
CD274_1186_1206,1186,1206,GACGCCUGUGACAGGGAGAAA,UUUCUCCCUGUCACAGGCGUC,57.14,-3.5,....((((...))))......,3.5,4.383,True
CD274_1144_1164,1144,1164,GGAGGGAGACCUUGAUACUUU,AAAGUAUCAAGGUCUCCCUCC,47.62,-3.9,.((((....))))........,2.5,4.37,True
CD274_1264_1284,1264,1284,CGGGUUGAGAAUCCCUAAUUU,AAAUUAGGGAUUCUCAACCCG,42.86,-4.1,.(((........)))......,2.5,4.363,True
CD274_1276_1296,1276,1296,CCCUAAUUUGAGGGUCAGUUC,GAACUGACCCUCAAAUUAGGG,47.62,-4.4,((((......)))).......,2.5,4.353,True
CD274_1678_1698,1678,1698,UCAGACCUCAAGUGUCUGUGC,GCACAGACACUUGAGGUCUGA,52.38,-4.4,.((((((....).)))))...,2.5,4.353,True
CD274_337_357,337,357,GACCAGCUCUCCCUGGGAAAU,AUUUCCCAGGGAGAGCUGGUC,57.14,-4.4,..((((......)))).....,3.5,4.353,True
CD274_748_768,748,768,CCAGAACUACCUCUGGCACAU,AUGUGCCAGAGGUAGUUCUGG,52.38,-5.4,(((((......))))).....,2.5,4.32,True
CD274_1054_1074,1054,1074,UGUGGGACUUAAAAGGCCCAA,UUGGGCCUUUUAAGUCCCACA,47.62,-5.4,..((((.(((...))))))).,2.5,4.32,True
CD274_2323_2343,2323,2343,UUGUUUAUAUAGUGUCUGGUA,UACCAGACACUAUAUAAACAA,28.57,0.0,.....................,3.0,4.0,True
CD274_2344_2364,2344,2364,UUGUUUAACAGUUCUGUCUUU,AAAGACAGAACUGUUAAACAA,28.57,0.0,.....................,3.0,4.0,True
CD274_2371_2391,2371,2391,UAAAUGCCACUAAAUUUUAAA,UUUAAAAUUUAGUGGCAUUUA,19.05,0.0,.....................,3.0,4.0,False
CD274_2326_2346,2326,2346,UUUAUAUAGUGUCUGGUAUUG,CAAUACCAGACACUAUAUAAA,28.57,0.0,.....................,3.0,4.0,True
CD274_2329_2349,2329,2349,AUAUAGUGUCUGGUAUUGUUU,AAACAAUACCAGACACUAUAU,28.57,0.0,.....................,3.0,4.0,True
CD274_1636_1656,1636,1656,UUUAUUUAACCCAUUAAUACU,AGUAUUAAUGGGUUAAAUAAA,19.05,0.0,.....................,3.0,4.0,False
CD274_1423_1443,1423,1443,CUUCUUGUCAUGUGAGUGUGG,CCACACUCACAUGACAAGAAG,47.62,0.0,.....................,2.0,4.0,True
CD274_463_483,463,483,GCCCCAUACAACAAAAUCAAC,GUUGAUUUUGUUGUAUGGGGC,42.86,0.0,.....................,2.0,4.0,True
CD274_1573_1593,1573,1593,CUAUAACUACAAGUAUACAUU,AAUGUAUACUUGUAGUUAUAG,23.81,0.0,.....................,3.0,4.0,False
CD274_1429_1449,1429,1449,GUCAUGUGAGUGUGGUUGUGA,UCACAACCACACUCACAUGAC,47.62,0.0,.....................,2.0,4.0,True
CD274_1882_1902,1882,1902,CCACUGUCCUUUUAUAAUACA,UGUAUUAUAAAAGGACAGUGG,33.33,0.0,.....................,2.0,4.0,True
CD274_1096_1116,1096,1116,GAAAGCAGAGGAGGAGAAUGA,UCAUUCUCCUCCUCUGCUUUC,47.62,0.0,.....................,2.0,4.0,True
CD274_1321_1341,1321,1341,CUCAAUGCCUCAAUUUGUUUU,AAAACAAAUUGAGGCAUUGAG,33.33,0.0,.....................,2.0,4.0,True
CD274_1912_1932,1912,1932,UAUAUUUUACUUUAAGCAAUU,AAUUGCUUAAAGUAAAAUAUA,14.29,0.0,.....................,3.0,4.0,False
CD274_2284_2304,2284,2304,UAUUUAUUCCUGAUUUGCCUU,AAGGCAAAUCAGGAAUAAAUA,28.57,0.0,.....................,3.0,4.0,True
CD274_2302_2322,2302,2322,CUUUGCCAUAUAAUCUAAUGC,GCAUUAGAUUAUAUGGCAAAG,33.33,0.0,.....................,2.0,4.0,True
CD274_1924_1944,1924,1944,UAAGCAAUUCUUUUAUUCAAA,UUUGAAUAAAAGAAUUGCUUA,19.05,0.0,.....................,3.0,4.0,False
CD274_1111_1131,1111,1131,GAAUGAAGAAAGAUGGAGUCA,UGACUCCAUCUUUCUUCAUUC,38.1,0.0,.....................,2.0,4.0,True
CD274_682_702,682,702,GAGAUUUUCUACUGCACUUUU,AAAAGUGCAGUAGAAAAUCUC,33.33,0.0,.....................,2.0,4.0,True
CD274_1660_1680,1660,1680,GUUGACCUAAUCUUAUUCUCA,UGAGAAUAAGAUUAGGUCAAC,33.33,0.0,.....................,2.0,4.0,True
CD274_2197_2217,2197,2217,AUAAUCAGAGUAAUUUUCAUU,AAUGAAAAUUACUCUGAUUAU,19.05,0.0,.....................,3.0,4.0,False
CD274_2239_2259,2239,2259,AAAAUAACCCUGAAAAAUAAC,GUUAUUUUUCAGGGUUAUUUU,23.81,0.0,.....................,3.0,4.0,False
CD274_1795_1815,1795,1815,CUAUUAUUUUACCCAUCGUAC,GUACGAUGGGUAAAAUAAUAG,33.33,0.0,.....................,2.0,4.0,True
CD274_1801_1821,1801,1821,UUUUACCCAUCGUACAGCUGA,UCAGCUGUACGAUGGGUAAAA,42.86,0.0,.....................,2.0,4.0,True
CD274_751_771,751,771,GAACUACCUCUGGCACAUCCU,AGGAUGUGCCAGAGGUAGUUC,52.38,0.0,.....................,2.0,4.0,True
CD274_2185_2205,2185,2205,UUAAACAUCUUAAUAAUCAGA,UCUGAUUAUUAAGAUGUUUAA,19.05,0.0,.....................,3.0,4.0,False
CD274_451_471,451,471,GUGAAAGUCAAUGCCCCAUAC,GUAUGGGGCAUUGACUUUCAC,47.62,0.0,.....................,2.0,4.0,True
CD274_1639_1659,1639,1659,AUUUAACCCAUUAAUACUCUG,CAGAGUAUUAAUGGGUUAAAU,28.57,0.0,.....................,3.0,4.0,True
CD274_472_492,472,492,AACAAAAUCAACCAAAGAAUU,AAUUCUUUGGUUGAUUUUGUU,23.81,0.0,.....................,3.0,4.0,False
CD274_862_882,862,882,AGAAUGAUGGAUGUGAAAAAA,UUUUUUCACAUCCAUCAUUCU,28.57,0.0,.....................,3.0,4.0,True
CD274_1504_1524,1504,1524,AAACUUGCUGCUUAAUGAUUU,AAAUCAUUAAGCAGCAAGUUU,28.57,0.0,.....................,3.0,4.0,True
CD274_199_219,199,219,GUAGAAAAACAAUUAGACCUG,CAGGUCUAAUUGUUUUUCUAC,33.33,0.0,.....................,2.0,4.0,True
CD274_1477_1497,1477,1497,UAGAUGUUACAAUUUUGUCGC,GCGACAAAAUUGUAACAUCUA,33.33,0.0,.....................,2.0,4.0,True
CD274_1627_1647,1627,1647,GAUGUCACCUUUAUUUAACCC,GGGUUAAAUAAAGGUGACAUC,38.1,0.0,.....................,2.0,4.0,True
CD274_1078_1098,1078,1098,CUGAAAAUGGAACCUGGCGAA,UUCGCCAGGUUCCAUUUUCAG,47.62,0.0,.....................,2.0,4.0,True
CD274_868_888,868,888,AUGGAUGUGAAAAAAUGUGGC,GCCACAUUUUUUCACAUCCAU,38.1,0.0,.....................,2.0,4.0,True
CD274_721_741,721,741,GAAAACCAUACAGCUGAAUUG,CAAUUCAGCUGUAUGGUUUUC,38.1,0.0,.....................,2.0,4.0,True
CD274_1015_1035,1015,1035,GUGACAAGAGGAAGGAAUGGG,CCCAUUCCUUCCUCUUGUCAC,52.38,0.0,.....................,2.0,4.0,True
CD274_1402_1422,1402,1422,UUUAUUUUGAGUCUGUGAGGU,ACCUCACAGACUCAAAAUAAA,33.33,0.0,.....................,2.0,4.0,True
CD274_1438_1458,1438,1458,GUGUGGUUGUGAAUGAUUUCU,AGAAAUCAUUCACAACCACAC,38.1,-0.1,..........(((....))).,2.0,3.997,True
CD274_484_504,484,504,CAAAGAAUUUUGGUUGUGGAU,AUCCACAACCAAAAUUCUUUG,33.33,-0.1,((((....)))).........,2.0,3.997,True
CD274_1333_1353,1333,1353,AUUUGUUUUCUGCAUGACUGA,UCAGUCAUGCAGAAAACAAAU,33.33,-0.1,...(((.....))).......,2.0,3.997,True
CD274_1507_1527,1507,1527,CUUGCUGCUUAAUGAUUUGCU,AGCAAAUCAUUAAGCAGCAAG,38.1,-0.2,......((..........)).,2.0,3.993,True
CD274_1240_1260,1240,1260,CAUCCAUUGCUCAUCCUAGGA,UCCUAGGAUGAGCAAUGGAUG,47.62,-0.2,..(((.............))),2.0,3.993,True
CD274_175_195,175,195,AUGACAAUUGAAUGCAAAUUC,GAAUUUGCAUUCAAUUGUCAU,28.57,-0.3,.........((((....)))),3.0,3.99,True
CD274_1387_1407,1387,1407,UAUGAGUUUUUCCUAUUUAUU,AAUAAAUAGGAAAAACUCAUA,19.05,-0.3,.((((((.......)))))).,3.0,3.99,False
CD274_718_738,718,738,GAGGAAAACCAUACAGCUGAA,UUCAGCUGUAUGGUUUUCCUC,42.86,-0.3,..((....))...........,2.0,3.99,True
CD274_874_894,874,894,GUGAAAAAAUGUGGCAUCCAA,UUGGAUGCCACAUUUUUUCAC,38.1,-0.3,...........(((...))).,2.0,3.99,True
CD274_1948_1968,1948,1968,CAUUUAUUAAGUGCCCUUGCA,UGCAAGGGCACUUAAUAAAUG,38.1,-0.4,...........(((....))),2.0,3.987,True
CD274_49_69,49,69,CCUGCAGGGCAUUCCAGAAAG,CUUUCUGGAAUGCCCUGCAGG,57.14,-0.6,......((.....))......,3.0,3.98,True
CD274_2389_2409,2389,2409,AAAUUCAUACCUUUCCAUGAU,AUCAUGGAAAGGUAUGAAUUU,28.57,-0.7,....((((........)))).,3.0,3.977,True
CD274_1303_1323,1303,1323,AAGUGCCCUUUGCCUCCACUC,GAGUGGAGGCAAAGGGCACUU,57.14,-0.7,.((((...........)))).,3.0,3.977,True
CD274_1450_1470,1450,1470,AUGAUUUCUUUUGAAGAUAUA,UAUAUCUUCAAAAGAAAUCAU,19.05,-0.8,(((.((((....)))).))).,3.0,3.973,False
CD274_331_351,331,351,UUGAAGGACCAGCUCUCCCUG,CAGGGAGAGCUGGUCCUUCAA,57.14,-1.0,....(((..........))).,3.0,3.967,True
CD274_2338_2358,2338,2358,CUGGUAUUGUUUAACAGUUCU,AGAACUGUUAAACAAUACCAG,33.33,-1.0,..((.(((((...))))).)),2.0,3.967,True
CD274_925_945,925,945,CAUUUGGAGGAGACGUAAUCC,GGAUUACGUCUCCUCCAAAUG,47.62,-1.1,........(((.......))),2.0,3.963,True
CD274_1624_1644,1624,1644,UAGGAUGUCACCUUUAUUUAA,UUAAAUAAAGGUGACAUCCUA,28.57,-1.1,.(((......)))........,3.0,3.963,True
CD274_1030_1050,1030,1050,AAUGGGCCCGUGGGAUGCAGG,CCUGCAUCCCACGGGCCCAUU,66.67,-1.2,..((.(((....)).).))..,3.0,3.96,False
CD274_787_807,787,807,CACUUGGUAAUUCUGGGAGCC,GGCUCCCAGAAUUACCAAGUG,52.38,-1.4,..(((((.....)))))....,2.0,3.953,True
CD274_376_396,376,396,GAUGUGAAAUUGCAGGAUGCA,UGCAUCCUGCAAUUUCACAUC,42.86,-1.4,..........((((...)))),2.0,3.953,True
CD274_2128_2148,2128,2148,AGCAGUGUUGCCAAGAGGAGG,CCUCCUCUUGGCAACACUGCU,57.14,-1.4,.(((....)))..........,3.0,3.953,True
CD274_415_435,415,435,AUCAGCUAUGGUGGUGCCGAC,GUCGGCACCACCAUAGCUGAU,57.14,-1.4,.........(((...)))...,3.0,3.953,True
CD274_841_861,841,861,AUCUUCCGUUUAAGAAAAGGG,CCCUUUUCUUAAACGGAAGAU,38.1,-1.5,.....((.(((....))).)),2.0,3.95,True
CD274_2062_2082,2062,2082,AAGAAAAUGUAUUAUUACAAU,AUUGUAAUAAUACAUUUUCUU,14.29,-1.5,.......((((....))))..,3.0,3.95,False
CD274_1528_1548,1528,1548,CACAUCUAGUAAAACAUGGAG,CUCCAUGUUUUACUAGAUGUG,38.1,-1.5,....((((........)))).,2.0,3.95,True
CD274_496_516,496,516,GUUGUGGAUCCAGUCACCUCU,AGAGGUGACUGGAUCCACAAC,52.38,-1.7,(..((((......))))..).,2.0,3.943,True
CD274_799_819,799,819,CUGGGAGCCAUCUUAUUAUGC,GCAUAAUAAGAUGGCUCCCAG,47.62,-1.9,.(((((....)))))......,2.0,3.937,True
CD274_316_336,316,336,CAGAGGGCCCGGCUGUUGAAG,CUUCAACAGCCGGGCCCUCUG,66.67,-2.1,..((.(((...))).))....,3.0,3.93,False
CD274_379_399,379,399,GUGAAAUUGCAGGAUGCAGGG,CCCUGCAUCCUGCAAUUUCAC,52.38,-2.4,......(((((...)))))..,2.0,3.92,True
CD274_934_954,934,954,GAGACGUAAUCCAGCAUUGGA,UCCAAUGCUGGAUUACGUCUC,47.62,-2.5,.........((((....)))),2.0,3.917,True
CD274_2095_2115,2095,2115,CAUAGCAUAAGGAUGAUGCGA,UCGCAUCAUCCUUAUGCUAUG,42.86,-2.5,....((((.......))))..,2.0,3.917,True
CD274_520_540,520,540,CAUGAACUGACAUGUCAGGCU,AGCCUGACAUGUCAGUUCAUG,47.62,-2.7,......((((....))))...,2.0,3.91,True
CD274_148_168,148,168,CUAUAUGUGGUAGAGUAUGGU,ACCAUACUCUACCACAUAUAG,38.1,-2.9,((((((........)))))).,2.0,3.903,True
CD274_628_648,628,648,GAGGAGAAGCUUUUCAAUGUG,CACAUUGAAAAGCUUCUCCUC,42.86,-3.2,((((((...))))))......,2.0,3.893,True
CD274_1132_1152,1132,1152,AACAGGGAGCCUGGAGGGAGA,UCUCCCUCCAGGCUCCCUGUU,61.9,-3.7,..((((...))))........,3.0,3.877,False
CD274_1546_1566,1546,1566,GAGUAUUUGUAAGGUGCUUGG,CCAAGCACCUUACAAAUACUC,42.86,-3.7,((((((((...))))))))..,2.0,3.877,True
CD274_982_1002,982,1002,AACCUGUGGUUUAGGGGUUCA,UGAACCCCUAAACCACAGGUU,47.62,-3.9,(((((.((...)).)))))..,2.0,3.87,True
CD274_580_600,580,600,GACCAUCAAGUCCUGAGUGGU,ACCACUCAGGACUUGAUGGUC,52.38,-4.1,.(((((((.....))).)))),2.0,3.863,True
CD274_1861_1881,1861,1881,UAGCAGACCUCAGACUGCCAC,GUGGCAGUCUGAGGUCUGCUA,57.14,-4.2,..((((........))))...,3.0,3.86,True
CD274_1159_1179,1159,1179,UACUUUCAAAUGCCUGAGGGG,CCCCUCAGGCAUUUGAAAGUA,47.62,-4.4,..((((((......)))))).,2.0,3.853,True
CD274_1270_1290,1270,1290,GAGAAUCCCUAAUUUGAGGGU,ACCCUCAAAUUAGGGAUUCUC,42.86,-4.5,......((((......)))).,2.0,3.85,True
CD274_595_615,595,615,AGUGGUAAGACCACCACCACC,GGUGGUGGUGGUCUUACCACU,57.14,-5.7,.(((((......)))))....,3.0,3.81,True
CD274_1348_1368,1348,1368,GACUGAGAGUCUCAGUGUUGG,CCAACACUGAGACUCUCAGUC,52.38,-6.2,.((((((...)))))).....,2.0,3.793,True
CD274_1345_1365,1345,1365,CAUGACUGAGAGUCUCAGUGU,ACACUGAGACUCUCAGUCAUG,47.62,-6.2,....((((((...))))))..,2.0,3.793,True
CD274_2152_2172,2152,2172,UAGGCCAAUGUGGUCUGGGAC,GUCCCAGACCACAUUGGCCUA,57.14,-6.9,(((((((...)))))))....,3.0,3.77,True
CD274_2386_2406,2386,2406,UUUAAAUUCAUACCUUUCCAU,AUGGAAAGGUAUGAAUUUAAA,23.81,0.0,.....................,2.5,3.5,False
CD274_1714_1734,1714,1734,UAAAUAUCAGCUUUACAAUUA,UAAUUGUAAAGCUGAUAUUUA,19.05,0.0,.....................,2.5,3.5,False
CD274_76_96,76,96,AUAUUUGCUGUCUUUAUAUUC,GAAUAUAAAGACAGCAAAUAU,23.81,0.0,.....................,2.5,3.5,False
CD274_2356_2376,2356,2376,UCUGUCUUUUCUAUUUAAAUG,CAUUUAAAUAGAAAAGACAGA,23.81,0.0,.....................,2.5,3.5,False
CD274_829_849,829,849,GCACUGACAUUCAUCUUCCGU,ACGGAAGAUGAAUGUCAGUGC,47.62,0.0,.....................,1.5,3.5,False
CD274_1495_1515,1495,1515,CGCCAAACUAAACUUGCUGCU,AGCAGCAAGUUUAGUUUGGCG,47.62,0.0,.....................,1.5,3.5,False
CD274_448_468,448,468,ACUGUGAAAGUCAAUGCCCCA,UGGGGCAUUGACUUUCACAGU,47.62,0.0,.....................,1.5,3.5,False
CD274_952_972,952,972,GGAACUUCUGAUCUUCAAGCA,UGCUUGAAGAUCAGAAGUUCC,42.86,0.0,.....................,1.5,3.5,False
CD274_1594_1614,1594,1614,GGAAGCAUAAAGAUCAAACCG,CGGUUUGAUCUUUAUGCUUCC,42.86,0.0,.....................,1.5,3.5,False
CD274_469_489,469,489,UACAACAAAAUCAACCAAAGA,UCUUUGGUUGAUUUUGUUGUA,28.57,0.0,.....................,2.5,3.5,True
CD274_2272_2292,2272,2292,UUUCUAGCAUUAUAUUUAUUC,GAAUAAAUAUAAUGCUAGAAA,19.05,0.0,.....................,2.5,3.5,False
CD274_2278_2298,2278,2298,GCAUUAUAUUUAUUCCUGAUU,AAUCAGGAAUAAAUAUAAUGC,23.81,0.0,.....................,2.5,3.5,False
CD274_1711_1731,1711,1731,AUUUAAAUAUCAGCUUUACAA,UUGUAAAGCUGAUAUUUAAAU,19.05,0.0,.....................,2.5,3.5,False
CD274_1459_1479,1459,1479,UUUGAAGAUAUAUUGUAGUAG,CUACUACAAUAUAUCUUCAAA,23.81,0.0,.....................,2.5,3.5,False
CD274_676_696,676,696,ACUAAUGAGAUUUUCUACUGC,GCAGUAGAAAAUCUCAUUAGU,33.33,0.0,.....................,1.5,3.5,False
CD274_1738_1758,1738,1758,GGUAGCCUACACACAUAAUCU,AGAUUAUGUGUGUAGGCUACC,42.86,0.0,.....................,1.5,3.5,False
CD274_1825_1845,1825,1845,AGCAAACAGAUUAAGUAACUU,AAGUUACUUAAUCUGUUUGCU,28.57,0.0,.....................,2.5,3.5,True
CD274_2242_2262,2242,2262,AUAACCCUGAAAAAUAACACU,AGUGUUAUUUUUCAGGGUUAU,28.57,0.0,.....................,2.5,3.5,True
CD274_2233_2253,2233,2253,GUACUUAAAAUAACCCUGAAA,UUUCAGGGUUAUUUUAAGUAC,28.57,0.0,.....................,2.5,3.5,True
CD274_256_276,256,276,AACAUUAUUCAAUUUGUGCAU,AUGCACAAAUUGAAUAAUGUU,23.81,0.0,.....................,2.5,3.5,False
CD274_2314_2334,2314,2334,AUCUAAUGCUUGUUUAUAUAG,CUAUAUAAACAAGCAUUAGAU,23.81,0.0,.....................,2.5,3.5,False
CD274_2398_2418,2398,2418,CCUUUCCAUGAUUCAAAAUUC,GAAUUUUGAAUCAUGGAAAGG,33.33,0.0,.....................,1.5,3.5,False
CD274_2245_2265,2245,2265,ACCCUGAAAAAUAACACUGGA,UCCAGUGUUAUUUUUCAGGGU,38.1,0.0,.....................,1.5,3.5,False
CD274_1894_1914,1894,1914,UAUAAUACAAUUUACAGCUAU,AUAGCUGUAAAUUGUAUUAUA,19.05,0.0,.....................,2.5,3.5,False
CD274_1966_1986,1966,1986,GCAAUAUCAAUCGCUGUGCCA,UGGCACAGCGAUUGAUAUUGC,47.62,0.0,.....................,1.5,3.5,False
CD274_2071_2091,2071,2091,UAUUAUUACAAUUUAGUCCAG,CUGGACUAAAUUGUAAUAAUA,23.81,0.0,.....................,2.5,3.5,False
CD274_1318_1338,1318,1338,CCACUCAAUGCCUCAAUUUGU,ACAAAUUGAGGCAUUGAGUGG,42.86,0.0,.....................,1.5,3.5,False
CD274_2248_2268,2248,2268,CUGAAAAAUAACACUGGAAUU,AAUUCCAGUGUUAUUUUUCAG,28.57,0.0,.....................,2.5,3.5,True
CD274_253_273,253,273,AAGAACAUUAUUCAAUUUGUG,CACAAAUUGAAUAAUGUUCUU,23.81,0.0,.....................,2.5,3.5,False
CD274_466_486,466,486,CCAUACAACAAAAUCAACCAA,UUGGUUGAUUUUGUUGUAUGG,33.33,0.0,.....................,1.5,3.5,False
CD274_1009_1029,1009,1029,CUGAGCGUGACAAGAGGAAGG,CCUUCCUCUUGUCACGCUCAG,57.14,0.0,.....................,2.5,3.5,True
CD274_886_906,886,906,GGCAUCCAAGAUACAAACUCA,UGAGUUUGUAUCUUGGAUGCC,42.86,0.0,.....................,1.5,3.5,False
CD274_196_216,196,216,CCAGUAGAAAAACAAUUAGAC,GUCUAAUUGUUUUUCUACUGG,33.33,0.0,.....................,1.5,3.5,False
CD274_1327_1347,1327,1347,GCCUCAAUUUGUUUUCUGCAU,AUGCAGAAAACAAAUUGAGGC,38.1,-0.1,.........(((.....))).,1.5,3.497,False
CD274_2188_2208,2188,2208,AACAUCUUAAUAAUCAGAGUA,UACUCUGAUUAUUAAGAUGUU,23.81,-0.1,.((.(((........))))).,2.5,3.497,False
CD274_2209_2229,2209,2229,AUUUUCAUUUACAAAGAGAGG,CCUCUCUUUGUAAAUGAAAAU,28.57,-0.1,.(((((.........))))).,2.5,3.497,True
CD274_121_141,121,141,GCAUUUACUGUCACGGUUCCC,GGGAACCGUGACAGUAAAUGC,52.38,-0.3,......((((...))))....,1.5,3.49,False
CD274_310_330,310,330,UACAGACAGAGGGCCCGGCUG,CAGCCGGGCCCUCUGUCUGUA,66.67,-0.4,...........(((...))).,2.5,3.487,False
CD274_127_147,127,147,ACUGUCACGGUUCCCAAGGAC,GUCCUUGGGAACCGUGACAGU,57.14,-0.5,...........(((...))).,2.5,3.483,True
CD274_1069_1089,1069,1089,GCCCAAGCACUGAAAAUGGAA,UUCCAUUUUCAGUGCUUGGGC,47.62,-0.6,..(((...........)))..,1.5,3.48,False
CD274_1960_1980,1960,1980,GCCCUUGCAAUAUCAAUCGCU,AGCGAUUGAUAUUGCAAGGGC,47.62,-0.7,((..(((......)))..)).,1.5,3.477,False
CD274_220_240,220,240,GCUGCACUAAUUGUCUAUUGG,CCAAUAGACAAUUAGUGCAGC,42.86,-0.8,......(((((.....))))),1.5,3.473,False
CD274_2203_2223,2203,2223,AGAGUAAUUUUCAUUUACAAA,UUUGUAAAUGAAAAUUACUCU,19.05,-1.1,...((((.......))))...,2.5,3.463,False
CD274_487_507,487,507,AGAAUUUUGGUUGUGGAUCCA,UGGAUCCACAACCAAAAUUCU,38.1,-1.2,.......(((........))),1.5,3.46,False
CD274_1768_1788,1768,1788,GCUGUAACCACCCUGUUGUGA,UCACAACAGGGUGGUUACAGC,52.38,-1.2,........(((......))).,1.5,3.46,False
CD274_1783_1803,1783,1803,UUGUGAUAACCACUAUUAUUU,AAAUAAUAGUGGUUAUCACAA,23.81,-1.3,..(((.....)))........,2.5,3.457,False
CD274_2263_2283,2263,2283,GGAAUUCCUUUUCUAGCAUUA,UAAUGCUAGAAAAGGAAUUCC,33.33,-1.4,((((......)))).......,1.5,3.453,False
CD274_1153_1173,1153,1173,CCUUGAUACUUUCAAAUGCCU,AGGCAUUUGAAAGUAUCAAGG,38.1,-1.4,..((((.....))))......,1.5,3.453,False
CD274_2068_2088,2068,2088,AUGUAUUAUUACAAUUUAGUC,GACUAAAUUGUAAUAAUACAU,19.05,-1.5,.((((....))))........,2.5,3.45,False
CD274_1468_1488,1468,1488,AUAUUGUAGUAGAUGUUACAA,UUGUAACAUCUACUACAAUAU,23.81,-1.6,...((((((......)))))),2.5,3.447,False
CD274_805_825,805,825,GCCAUCUUAUUAUGCCUUGGU,ACCAAGGCAUAAUAAGAUGGC,42.86,-1.8,((((.............)))),1.5,3.44,False
CD274_1471_1491,1471,1491,UUGUAGUAGAUGUUACAAUUU,AAAUUGUAACAUCUACUACAA,23.81,-1.9,((((((......))))))...,2.5,3.437,False
CD274_529_549,529,549,ACAUGUCAGGCUGAGGGCUAC,GUAGCCCUCAGCCUGACAUGU,57.14,-2.2,........((((...))))..,2.5,3.427,True
CD274_1978_1998,1978,1998,GCUGUGCCAGGCAUUGAAUCU,AGAUUCAAUGCCUGGCACAGC,52.38,-2.7,(((......))).........,1.5,3.41,False
CD274_697_717,697,717,ACUUUUAGGAGAUUAGAUCCU,AGGAUCUAAUCUCCUAAAAGU,33.33,-2.7,......((((.......)))),1.5,3.41,False
CD274_400_420,400,420,GUGUACCGCUGCAUGAUCAGC,GCUGAUCAUGCAGCGGUACAC,57.14,-3.0,.......((((......)))),2.5,3.4,True
CD274_418_438,418,438,AGCUAUGGUGGUGCCGACUAC,GUAGUCGGCACCACCAUAGCU,57.14,-3.4,.......(((((....))))),2.5,3.387,True
CD274_1183_1203,1183,1203,AUCGACGCCUGUGACAGGGAG,CUCCCUGUCACAGGCGUCGAU,61.9,-3.5,.......((((...))))...,2.5,3.383,False
CD274_406_426,406,426,CGCUGCAUGAUCAGCUAUGGU,ACCAUAGCUGAUCAUGCAGCG,52.38,-4.1,.((((......))))......,1.5,3.363,False
CD274_1165_1185,1165,1185,CAAAUGCCUGAGGGGCUCAUC,GAUGAGCCCCUCAGGCAUUUG,57.14,-4.1,.....((((...)))).....,2.5,3.363,True
CD274_589_609,589,609,GUCCUGAGUGGUAAGACCACC,GGUGGUCUUACCACUCAGGAC,57.14,-4.9,.......(((((...))))).,2.5,3.337,True
CD274_2260_2280,2260,2280,ACUGGAAUUCCUUUUCUAGCA,UGCUAGAAAAGGAAUUCCAGU,38.1,-5.4,.((((((......))))))..,1.5,3.32,False
CD274_592_612,592,612,CUGAGUGGUAAGACCACCACC,GGUGGUGGUCUUACCACUCAG,57.14,-5.7,.((.(((((...)))))))..,2.5,3.31,True
CD274_40_60,40,60,UUCUGUCCGCCUGCAGGGCAU,AUGCCCUGCAGGCGGACAGAA,61.9,-6.0,...(((((.......))))).,2.5,3.3,False
CD274_1_21,1,21,AGUUCUGCGCAGCUUCCCGAG,CUCGGGAAGCUGCGCAGAACU,61.9,0.0,.....................,2.0,3.0,False
CD274_1939_1959,1939,1959,UUCAAAAACCAUUUAUUAAGU,ACUUAAUAAAUGGUUUUUGAA,19.05,0.0,.....................,2.0,3.0,False
CD274_2074_2094,2074,2094,UAUUACAAUUUAGUCCAGUGU,ACACUGGACUAAAUUGUAAUA,28.57,0.0,.....................,2.0,3.0,True
CD274_1891_1911,1891,1911,UUUUAUAAUACAAUUUACAGC,GCUGUAAAUUGUAUUAUAAAA,19.05,0.0,.....................,2.0,3.0,False
CD274_1867_1887,1867,1887,ACCUCAGACUGCCACCCACUG,CAGUGGGUGGCAGUCUGAGGU,61.9,0.0,.....................,2.0,3.0,False
CD274_1072_1092,1072,1092,CAAGCACUGAAAAUGGAACCU,AGGUUCCAUUUUCAGUGCUUG,42.86,0.0,.....................,1.0,3.0,False
CD274_1396_1416,1396,1416,UUCCUAUUUAUUUUGAGUCUG,CAGACUCAAAAUAAAUAGGAA,28.57,0.0,.....................,2.0,3.0,True
CD274_1051_1071,1051,1071,CAAUGUGGGACUUAAAAGGCC,GGCCUUUUAAGUCCCACAUUG,47.62,0.0,.....................,1.0,3.0,False
CD274_259_279,259,279,AUUAUUCAAUUUGUGCAUGGA,UCCAUGCACAAAUUGAAUAAU,28.57,0.0,.....................,2.0,3.0,True
CD274_202_222,202,222,GAAAAACAAUUAGACCUGGCU,AGCCAGGUCUAAUUGUUUUUC,38.1,0.0,.....................,1.0,3.0,False
CD274_2275_2295,2275,2295,CUAGCAUUAUAUUUAUUCCUG,CAGGAAUAAAUAUAAUGCUAG,28.57,0.0,.....................,2.0,3.0,True
CD274_2176_2196,2176,2196,UGGAUAUACUUAAACAUCUUA,UAAGAUGUUUAAGUAUAUCCA,23.81,0.0,.....................,2.0,3.0,False
CD274_1534_1554,1534,1554,UAGUAAAACAUGGAGUAUUUG,CAAAUACUCCAUGUUUUACUA,28.57,0.0,.....................,2.0,3.0,True
CD274_985_1005,985,1005,CUGUGGUUUAGGGGUUCAUCG,CGAUGAACCCCUAAACCACAG,52.38,0.0,.....................,1.0,3.0,False
CD274_1576_1596,1576,1596,UAACUACAAGUAUACAUUGGA,UCCAAUGUAUACUUGUAGUUA,28.57,0.0,.....................,2.0,3.0,True
CD274_193_213,193,213,UUCCCAGUAGAAAAACAAUUA,UAAUUGUUUUUCUACUGGGAA,28.57,0.0,.....................,2.0,3.0,True
CD274_190_210,190,210,AAAUUCCCAGUAGAAAAACAA,UUGUUUUUCUACUGGGAAUUU,28.57,0.0,.....................,2.0,3.0,True
CD274_2236_2256,2236,2256,CUUAAAAUAACCCUGAAAAAU,AUUUUUCAGGGUUAUUUUAAG,23.81,0.0,.....................,2.0,3.0,False
CD274_1885_1905,1885,1905,CUGUCCUUUUAUAAUACAAUU,AAUUGUAUUAUAAAAGGACAG,23.81,0.0,.....................,2.0,3.0,False
CD274_1393_1413,1393,1413,UUUUUCCUAUUUAUUUUGAGU,ACUCAAAAUAAAUAGGAAAAA,19.05,0.0,.....................,2.0,3.0,False
CD274_1375_1395,1375,1395,ACAGUAUUUAUGUAUGAGUUU,AAACUCAUACAUAAAUACUGU,23.81,0.0,.....................,2.0,3.0,False
CD274_1708_1728,1708,1728,UCCAUUUAAAUAUCAGCUUUA,UAAAGCUGAUAUUUAAAUGGA,23.81,0.0,.....................,2.0,3.0,False
CD274_1021_1041,1021,1041,AGAGGAAGGAAUGGGCCCGUG,CACGGGCCCAUUCCUUCCUCU,61.9,-0.2,.......((......))....,2.0,2.993,False
CD274_2254_2274,2254,2274,AAUAACACUGGAAUUCCUUUU,AAAAGGAAUUCCAGUGUUAUU,28.57,-0.4,.........((....))....,2.0,2.987,True
CD274_1042_1062,1042,1062,GGAUGCAGGCAAUGUGGGACU,AGUCCCACAUUGCCUGCAUCC,57.14,-0.4,....(((.....)))......,2.0,2.987,True
CD274_2158_2178,2158,2178,AAUGUGGUCUGGGACGGUUGG,CCAACCGUCCCAGACCACAUU,57.14,-0.8,......(((...)))......,2.0,2.973,True
CD274_1873_1893,1873,1893,GACUGCCACCCACUGUCCUUU,AAAGGACAGUGGGUGGCAGUC,57.14,-0.9,(((...........)))....,2.0,2.97,True
CD274_1807_1827,1807,1827,CCAUCGUACAGCUGAGGAAGC,GCUUCCUCAGCUGUACGAUGG,57.14,-1.5,..........(((.....))),2.0,2.95,True
CD274_1531_1551,1531,1551,AUCUAGUAAAACAUGGAGUAU,AUACUCCAUGUUUUACUAGAU,28.57,-1.5,.((((........))))....,2.0,2.95,True
CD274_271_291,271,291,GUGCAUGGAGAGGAAGACCUG,CAGGUCUUCCUCUCCAUGCAC,57.14,-1.6,..........(((....))).,2.0,2.947,True
CD274_319_339,319,339,AGGGCCCGGCUGUUGAAGGAC,GUCCUUCAACAGCCGGGCCCU,66.67,-1.8,.....((..(....)..))..,2.0,2.94,False
CD274_556_576,556,576,GCCGAAGUCAUCUGGACAAGC,GCUUGUCCAGAUGACUUCGGC,57.14,-1.8,......(((.....)))....,2.0,2.94,True
CD274_1180_1200,1180,1200,CUCAUCGACGCCUGUGACAGG,CCUGUCACAGGCGUCGAUGAG,61.9,-2.3,..........((((...)))),2.0,2.923,False
CD274_385_405,385,405,UUGCAGGAUGCAGGGGUGUAC,GUACACCCCUGCAUCCUGCAA,57.14,-2.6,(((((...)))))........,2.0,2.913,True
CD274_313_333,313,333,AGACAGAGGGCCCGGCUGUUG,CAACAGCCGGGCCCUCUGUCU,66.67,-2.6,.(((((.........))))).,2.0,2.913,False
CD274_991_1011,991,1011,UUUAGGGGUUCAUCGGGGCUG,CAGCCCCGAUGAACCCCUAAA,57.14,-2.7,......(((((....))))).,2.0,2.91,True
CD274_247_267,247,267,GAGGAUAAGAACAUUAUUCAA,UUGAAUAAUGUUCUUAUCCUC,28.57,-3.1,..((((((.....))))))..,2.0,2.897,True
CD274_535_555,535,555,CAGGCUGAGGGCUACCCCAAG,CUUGGGGUAGCCCUCAGCCUG,66.67,-3.3,.....((.(((...)))))..,2.0,2.89,False
CD274_979_999,979,999,CUCAACCUGUGGUUUAGGGGU,ACCCCUAAACCACAGGUUGAG,52.38,-3.3,.....((((.....))))...,1.0,2.89,False
CD274_478_498,478,498,AUCAACCAAAGAAUUUUGGUU,AACCAAAAUUCUUUGGUUGAU,28.57,-5.0,...(((((((....))))))),2.0,2.833,True
CD274_130_150,130,150,GUCACGGUUCCCAAGGACCUA,UAGGUCCUUGGGAACCGUGAC,57.14,-5.1,.....(((((....)))))..,2.0,2.83,True
CD274_2281_2301,2281,2301,UUAUAUUUAUUCCUGAUUUGC,GCAAAUCAGGAAUAAAUAUAA,23.81,0.0,.....................,1.5,2.5,False
CD274_1537_1557,1537,1557,UAAAACAUGGAGUAUUUGUAA,UUACAAAUACUCCAUGUUUUA,23.81,0.0,.....................,1.5,2.5,False
CD274_2374_2394,2374,2394,AUGCCACUAAAUUUUAAAUUC,GAAUUUAAAAUUUAGUGGCAU,23.81,0.0,.....................,1.5,2.5,False
CD274_2308_2328,2308,2328,CAUAUAAUCUAAUGCUUGUUU,AAACAAGCAUUAGAUUAUAUG,23.81,0.0,.....................,1.5,2.5,False
CD274_2056_2076,2056,2076,AUUAACAAGAAAAUGUAUUAU,AUAAUACAUUUUCUUGUUAAU,14.29,0.0,.....................,1.5,2.5,False
CD274_2200_2220,2200,2220,AUCAGAGUAAUUUUCAUUUAC,GUAAAUGAAAAUUACUCUGAU,23.81,0.0,.....................,1.5,2.5,False
CD274_1792_1812,1792,1812,CCACUAUUAUUUUACCCAUCG,CGAUGGGUAAAAUAAUAGUGG,38.1,0.0,.....................,0.5,2.5,False
CD274_670_690,670,690,ACAACAACUAAUGAGAUUUUC,GAAAAUCUCAUUAGUUGUUGU,28.57,0.0,.....................,1.5,2.5,False
CD274_1936_1956,1936,1956,UUAUUCAAAAACCAUUUAUUA,UAAUAAAUGGUUUUUGAAUAA,14.29,0.0,.....................,1.5,2.5,False
CD274_2059_2079,2059,2079,AACAAGAAAAUGUAUUAUUAC,GUAAUAAUACAUUUUCUUGUU,19.05,0.0,.....................,1.5,2.5,False
CD274_2317_2337,2317,2337,UAAUGCUUGUUUAUAUAGUGU,ACACUAUAUAAACAAGCAUUA,23.81,0.0,.....................,1.5,2.5,False
CD274_1384_1404,1384,1404,AUGUAUGAGUUUUUCCUAUUU,AAAUAGGAAAAACUCAUACAU,23.81,0.0,.....................,1.5,2.5,False
CD274_673_693,673,693,ACAACUAAUGAGAUUUUCUAC,GUAGAAAAUCUCAUUAGUUGU,28.57,0.0,.....................,1.5,2.5,False
CD274_2194_2214,2194,2214,UUAAUAAUCAGAGUAAUUUUC,GAAAAUUACUCUGAUUAUUAA,19.05,0.0,.....................,1.5,2.5,False
CD274_1075_1095,1075,1095,GCACUGAAAAUGGAACCUGGC,GCCAGGUUCCAUUUUCAGUGC,52.38,0.0,.....................,0.5,2.5,False
CD274_1918_1938,1918,1938,UUACUUUAAGCAAUUCUUUUA,UAAAAGAAUUGCUUAAAGUAA,19.05,0.0,.....................,1.5,2.5,False
CD274_1903_1923,1903,1923,AUUUACAGCUAUAUUUUACUU,AAGUAAAAUAUAGCUGUAAAU,19.05,0.0,.....................,1.5,2.5,False
CD274_2368_2388,2368,2388,AUUUAAAUGCCACUAAAUUUU,AAAAUUUAGUGGCAUUUAAAU,19.05,0.0,.....................,1.5,2.5,False
CD274_2377_2397,2377,2397,CCACUAAAUUUUAAAUUCAUA,UAUGAAUUUAAAAUUUAGUGG,19.05,0.0,.....................,1.5,2.5,False
CD274_2266_2286,2266,2286,AUUCCUUUUCUAGCAUUAUAU,AUAUAAUGCUAGAAAAGGAAU,23.81,0.0,.....................,1.5,2.5,False
CD274_2383_2403,2383,2403,AAUUUUAAAUUCAUACCUUUC,GAAAGGUAUGAAUUUAAAAUU,19.05,0.0,.....................,1.5,2.5,False
CD274_1717_1737,1717,1737,AUAUCAGCUUUACAAUUAUGU,ACAUAAUUGUAAAGCUGAUAU,23.81,0.0,.....................,1.5,2.5,False
CD274_2362_2382,2362,2382,UUUUCUAUUUAAAUGCCACUA,UAGUGGCAUUUAAAUAGAAAA,23.81,0.0,.....................,1.5,2.5,False
CD274_250_270,250,270,GAUAAGAACAUUAUUCAAUUU,AAAUUGAAUAAUGUUCUUAUC,19.05,0.0,.....................,1.5,2.5,False
CD274_1381_1401,1381,1401,UUUAUGUAUGAGUUUUUCCUA,UAGGAAAAACUCAUACAUAAA,23.81,0.0,.....................,1.5,2.5,False
CD274_1705_1725,1705,1725,UGUUCCAUUUAAAUAUCAGCU,AGCUGAUAUUUAAAUGGAACA,28.57,0.0,.....................,1.5,2.5,False
CD274_1702_1722,1702,1722,AUCUGUUCCAUUUAAAUAUCA,UGAUAUUUAAAUGGAACAGAU,23.81,0.0,.....................,1.5,2.5,False
CD274_1915_1935,1915,1935,AUUUUACUUUAAGCAAUUCUU,AAGAAUUGCUUAAAGUAAAAU,19.05,0.0,.....................,1.5,2.5,False
CD274_1906_1926,1906,1926,UACAGCUAUAUUUUACUUUAA,UUAAAGUAAAAUAUAGCUGUA,19.05,0.0,.....................,1.5,2.5,False
CD274_1444_1464,1444,1464,UUGUGAAUGAUUUCUUUUGAA,UUCAAAAGAAAUCAUUCACAA,23.81,-0.1,....(((....))).......,1.5,2.497,False
CD274_1441_1461,1441,1461,UGGUUGUGAAUGAUUUCUUUU,AAAAGAAAUCAUUCACAACCA,28.57,-0.1,.......(((....)))....,1.5,2.497,False
CD274_1018_1038,1018,1038,ACAAGAGGAAGGAAUGGGCCC,GGGCCCAUUCCUUCCUCUUGU,57.14,-0.2,..........((......)).,1.5,2.493,False
CD274_1465_1485,1465,1485,GAUAUAUUGUAGUAGAUGUUA,UAACAUCUACUACAAUAUAUC,23.81,-0.3,...(((((......)))))..,1.5,2.49,False
CD274_1453_1473,1453,1473,AUUUCUUUUGAAGAUAUAUUG,CAAUAUAUCUUCAAAAGAAAU,19.05,-0.3,..(((....))).........,1.5,2.49,False
CD274_13_33,13,33,CUUCCCGAGGCUCCGCACCAG,CUGGUGCGGAGCCUCGGGAAG,71.43,-0.5,......(..((...))..)..,1.5,2.483,False
CD274_304_324,304,324,AGUAGCUACAGACAGAGGGCC,GGCCCUCUGUCUGUAGCUACU,57.14,-0.6,....(((..........))).,1.5,2.48,False
CD274_715_735,715,735,CCUGAGGAAAACCAUACAGCU,AGCUGUAUGGUUUUCCUCAGG,47.62,-1.4,.(((.((....))...)))..,0.5,2.453,False
CD274_2125_2145,2125,2145,CCGAGCAGUGUUGCCAAGAGG,CCUCUUGGCAACACUGCUCGG,61.9,-1.4,....(((....))).......,1.5,2.453,False
CD274_2065_2085,2065,2085,AAAAUGUAUUAUUACAAUUUA,UAAAUUGUAAUAAUACAUUUU,9.52,-1.5,....((((....)))).....,1.5,2.45,False
CD274_1093_1113,1093,1113,GGCGAAAGCAGAGGAGGAGAA,UUCUCCUCCUCUGCUUUCGCC,57.14,-1.5,.((....))............,1.5,2.45,False
CD274_1003_1023,1003,1023,UCGGGGCUGAGCGUGACAAGA,UCUUGUCACGCUCAGCCCCGA,61.9,-2.0,(((.(......).))).....,1.5,2.433,False
CD274_1000_1020,1000,1020,UCAUCGGGGCUGAGCGUGACA,UGUCACGCUCAGCCCCGAUGA,61.9,-2.1,...(((.(......).)))..,1.5,2.43,False
CD274_994_1014,994,1014,AGGGGUUCAUCGGGGCUGAGC,GCUCAGCCCCGAUGAACCCCU,66.67,-2.7,...(((((....)))))....,1.5,2.41,False
CD274_10_30,10,30,CAGCUUCCCGAGGCUCCGCAC,GUGCGGAGCCUCGGGAAGCUG,71.43,-2.9,.(((((....)))))......,1.5,2.403,False
CD274_397_417,397,417,GGGGUGUACCGCUGCAUGAUC,GAUCAUGCAGCGGUACACCCC,61.9,-3.7,(.((((...)))).)......,1.5,2.377,False
CD274_1168_1188,1168,1188,AUGCCUGAGGGGCUCAUCGAC,GUCGAUGAGCCCCUCAGGCAU,61.9,-4.1,..((((...))))........,1.5,2.363,False
CD274_46_66,46,66,CCGCCUGCAGGGCAUUCCAGA,UCUGGAAUGCCCUGCAGGCGG,66.67,-4.4,..((((...))))........,1.5,2.353,False
CD274_334_354,334,354,AAGGACCAGCUCUCCCUGGGA,UCCCAGGGAGAGCUGGUCCUU,61.9,-4.4,.....((((......))))..,1.5,2.353,False
CD274_1141_1161,1141,1161,CCUGGAGGGAGACCUUGAUAC,GUAUCAAGGUCUCCCUCCAGG,57.14,-4.6,..(.((((....)))).)...,1.5,2.347,False
CD274_1057_1077,1057,1077,GGGACUUAAAAGGCCCAAGCA,UGCUUGGGCCUUUUAAGUCCC,52.38,-4.7,(((.(((...)))))).....,0.5,2.343,False
CD274_394_414,394,414,GCAGGGGUGUACCGCUGCAUG,CAUGCAGCGGUACACCCCUGC,66.67,-10.3,((((.((....)).))))...,1.5,2.157,False
CD274_1942_1962,1942,1962,AAAAACCAUUUAUUAAGUGCC,GGCACUUAAUAAAUGGUUUUU,28.57,0.0,.....................,1.0,2.0,False
CD274_865_885,865,885,AUGAUGGAUGUGAAAAAAUGU,ACAUUUUUUCACAUCCAUCAU,28.57,0.0,.....................,1.0,2.0,False
CD274_2347_2367,2347,2367,UUUAACAGUUCUGUCUUUUCU,AGAAAAGACAGAACUGUUAAA,28.57,0.0,.....................,1.0,2.0,False
CD274_2353_2373,2353,2373,AGUUCUGUCUUUUCUAUUUAA,UUAAAUAGAAAAGACAGAACU,23.81,0.0,.....................,1.0,2.0,False
CD274_1789_1809,1789,1809,UAACCACUAUUAUUUUACCCA,UGGGUAAAAUAAUAGUGGUUA,28.57,0.0,.....................,1.0,2.0,False
CD274_1456_1476,1456,1476,UCUUUUGAAGAUAUAUUGUAG,CUACAAUAUAUCUUCAAAAGA,23.81,0.0,.....................,1.0,2.0,False
CD274_754_774,754,774,CUACCUCUGGCACAUCCUCCA,UGGAGGAUGUGCCAGAGGUAG,57.14,0.0,.....................,1.0,2.0,False
CD274_1786_1806,1786,1806,UGAUAACCACUAUUAUUUUAC,GUAAAAUAAUAGUGGUUAUCA,23.81,0.0,.....................,1.0,2.0,False
CD274_1900_1920,1900,1920,ACAAUUUACAGCUAUAUUUUA,UAAAAUAUAGCUGUAAAUUGU,19.05,0.0,.....................,1.0,2.0,False
CD274_1888_1908,1888,1908,UCCUUUUAUAAUACAAUUUAC,GUAAAUUGUAUUAUAAAAGGA,19.05,0.0,.....................,1.0,2.0,False
CD274_1027_1047,1027,1047,AGGAAUGGGCCCGUGGGAUGC,GCAUCCCACGGGCCCAUUCCU,66.67,-0.2,.((......))..........,1.0,1.993,False
CD274_1447_1467,1447,1467,UGAAUGAUUUCUUUUGAAGAU,AUCUUCAAAAGAAAUCAUUCA,23.81,-0.3,........(((....)))...,1.0,1.99,False
CD274_2251_2271,2251,2271,AAAAAUAACACUGGAAUUCCU,AGGAAUUCCAGUGUUAUUUUU,28.57,-0.4,............((....)).,1.0,1.987,False
CD274_1300_1320,1300,1320,CAGAAGUGCCCUUUGCCUCCA,UGGAGGCAAAGGGCACUUCUG,57.14,-0.4,..(.((.((.....)))).).,1.0,1.987,False
CD274_1354_1374,1354,1374,GAGUCUCAGUGUUGGAACGGG,CCCGUUCCAACACUGAGACUC,57.14,-0.6,....(((.((......))))),1.0,1.98,False
CD274_307_327,307,327,AGCUACAGACAGAGGGCCCGG,CCGGGCCCUCUGUCUGUAGCU,66.67,-0.6,.(((..........)))....,1.0,1.98,False
CD274_1870_1890,1870,1890,UCAGACUGCCACCCACUGUCC,GGACAGUGGGUGGCAGUCUGA,61.9,-1.1,...(((...........))).,1.0,1.963,False
CD274_343_363,343,363,CUCUCCCUGGGAAAUGCUGCA,UGCAGCAUUUCCCAGGGAGAG,57.14,-1.1,(((.....)))..........,1.0,1.963,False
CD274_1291_1311,1291,1311,CAGUUCCUGCAGAAGUGCCCU,AGGGCACUUCUGCAGGAACUG,57.14,-1.8,((.(((.....))).))....,1.0,1.94,False
CD274_322_342,322,342,GCCCGGCUGUUGAAGGACCAG,CUGGUCCUUCAACAGCCGGGC,66.67,-2.0,....((((......)).))..,1.0,1.933,False
CD274_328_348,328,348,CUGUUGAAGGACCAGCUCUCC,GGAGAGCUGGUCCUUCAACAG,57.14,-2.5,..((((......)))).....,1.0,1.917,False
CD274_4_24,4,24,UCUGCGCAGCUUCCCGAGGCU,AGCCUCGGGAAGCUGCGCAGA,66.67,-2.6,.......(((((....))))),1.0,1.913,False
CD274_340_360,340,360,CAGCUCUCCCUGGGAAAUGCU,AGCAUUUCCCAGGGAGAGCUG,57.14,-2.6,.(((..(((...)))...))),1.0,1.913,False
CD274_1297_1317,1297,1317,CUGCAGAAGUGCCCUUUGCCU,AGGCAAAGGGCACUUCUGCAG,57.14,-2.7,..(((((.......)))))..,1.0,1.91,False
CD274_22_42,22,42,GCUCCGCACCAGCCGCGCUUC,GAAGCGCGGCUGGUGCGGAGC,76.19,-3.4,((.(.((....)).).))...,1.0,1.887,False
CD274_1126_1146,1126,1146,GAGUCAAACAGGGAGCCUGGA,UCCAGGCUCCCUGUUUGACUC,57.14,-3.7,........((((...))))..,1.0,1.877,False
CD274_1129_1149,1129,1149,UCAAACAGGGAGCCUGGAGGG,CCCUCCAGGCUCCCUGUUUGA,61.9,-3.7,.....((((...)))).....,1.0,1.877,False
CD274_1135_1155,1135,1155,AGGGAGCCUGGAGGGAGACCU,AGGUCUCCCUCCAGGCUCCCU,66.67,-4.2,(((...(((...)))...))),1.0,1.86,False
CD274_1033_1053,1033,1053,GGGCCCGUGGGAUGCAGGCAA,UUGCCUGCAUCCCACGGGCCC,71.43,-4.7,..(((.((.....)).)))..,1.0,1.843,False
CD274_1087_1107,1087,1107,GAACCUGGCGAAAGCAGAGGA,UCCUCUGCUUUCGCCAGGUUC,57.14,-4.7,...(((.((....))..))).,1.0,1.843,False
CD274_1177_1197,1177,1197,GGGCUCAUCGACGCCUGUGAC,GUCACAGGCGUCGAUGAGCCC,66.67,-4.9,((((........)))).....,1.0,1.837,False
CD274_325_345,325,345,CGGCUGUUGAAGGACCAGCUC,GAGCUGGUCCUUCAACAGCCG,61.9,-5.0,.(((((((....)).))))).,1.0,1.833,False
CD274_43_63,43,63,UGUCCGCCUGCAGGGCAUUCC,GGAAUGCCCUGCAGGCGGACA,66.67,-5.8,(((((.......)))))....,1.0,1.807,False
CD274_2110_2130,2110,2130,AUGCGAGGGGAAAACCCGAGC,GCUCGGGUUUUCCCCUCGCAU,61.9,-7.5,..((..(((.....)))..)),1.0,1.75,False
CD274_1390_1410,1390,1410,GAGUUUUUCCUAUUUAUUUUG,CAAAAUAAAUAGGAAAAACUC,23.81,0.0,.....................,0.5,1.5,False
CD274_988_1008,988,1008,UGGUUUAGGGGUUCAUCGGGG,CCCCGAUGAACCCCUAAACCA,57.14,0.0,.....................,0.5,1.5,False
CD274_1378_1398,1378,1398,GUAUUUAUGUAUGAGUUUUUC,GAAAAACUCAUACAUAAAUAC,23.81,0.0,.....................,0.5,1.5,False
CD274_1927_1947,1927,1947,GCAAUUCUUUUAUUCAAAAAC,GUUUUUGAAUAAAAGAAUUGC,23.81,0.0,.....................,0.5,1.5,False
CD274_1930_1950,1930,1950,AUUCUUUUAUUCAAAAACCAU,AUGGUUUUUGAAUAAAAGAAU,19.05,0.0,.....................,0.5,1.5,False
CD274_1309_1329,1309,1329,CCUUUGCCUCCACUCAAUGCC,GGCAUUGAGUGGAGGCAAAGG,57.14,0.0,.....................,0.5,1.5,False
CD274_1921_1941,1921,1941,CUUUAAGCAAUUCUUUUAUUC,GAAUAAAAGAAUUGCUUAAAG,23.81,0.0,.....................,0.5,1.5,False
CD274_475_495,475,495,AAAAUCAACCAAAGAAUUUUG,CAAAAUUCUUUGGUUGAUUUU,23.81,0.0,.....................,0.5,1.5,False
CD274_1474_1494,1474,1494,UAGUAGAUGUUACAAUUUUGU,ACAAAAUUGUAACAUCUACUA,23.81,0.0,.....................,0.5,1.5,False
CD274_2053_2073,2053,2073,GAGAUUAACAAGAAAAUGUAU,AUACAUUUUCUUGUUAAUCUC,23.81,0.0,.....................,0.5,1.5,False
CD274_1864_1884,1864,1884,CAGACCUCAGACUGCCACCCA,UGGGUGGCAGUCUGAGGUCUG,61.9,-0.2,(((........))).......,0.5,1.493,False
CD274_1039_1059,1039,1059,GUGGGAUGCAGGCAAUGUGGG,CCCACAUUGCCUGCAUCCCAC,61.9,-0.4,.......(((.....)))...,0.5,1.487,False
CD274_28_48,28,48,CACCAGCCGCGCUUCUGUCCG,CGGACAGAAGCGCGGCUGGUG,71.43,-0.5,.......((.((....)).)),0.5,1.483,False
CD274_2206_2226,2206,2226,GUAAUUUUCAUUUACAAAGAG,CUCUUUGUAAAUGAAAAUUAC,23.81,-1.3,((((.......))))......,0.5,1.457,False
CD274_1288_1308,1288,1308,GGUCAGUUCCUGCAGAAGUGC,GCACUUCUGCAGGAACUGACC,57.14,-1.9,...((.(((.....))).)).,0.5,1.437,False
CD274_31_51,31,51,CAGCCGCGCUUCUGUCCGCCU,AGGCGGACAGAAGCGCGGCUG,71.43,-2.1,.....(((........)))..,0.5,1.43,False
CD274_2137_2157,2137,2157,GCCAAGAGGAGGAAAUAGGCC,GGCCUAUUUCCUCCUCUUGGC,57.14,-2.1,(((..............))).,0.5,1.43,False
CD274_526_546,526,546,CUGACAUGUCAGGCUGAGGGC,GCCCUCAGCCUGACAUGUCAG,61.9,-2.4,((((....)))).........,0.5,1.42,False
CD274_1258_1278,1258,1278,GGAAGACGGGUUGAGAAUCCC,GGGAUUCUCAACCCGUCUUCC,57.14,-3.0,.......(((........))),0.5,1.4,False
CD274_1189_1209,1189,1209,GCCUGUGACAGGGAGAAAGGA,UCCUUUCUCCCUGUCACAGGC,57.14,-3.5,.((((...)))).........,0.5,1.383,False
CD274_1138_1158,1138,1158,GAGCCUGGAGGGAGACCUUGA,UCAAGGUCUCCCUCCAGGCUC,61.9,-3.9,.......((((....))))..,0.5,1.37,False
CD274_19_39,19,39,GAGGCUCCGCACCAGCCGCGC,GCGCGGCUGGUGCGGAGCCUC,80.95,-4.7,(.((((.......)))).)..,0.5,1.343,False
CD274_541_561,541,561,GAGGGCUACCCCAAGGCCGAA,UUCGGCCUUGGGGUAGCCCUC,66.67,-4.9,...((((.......))))...,0.5,1.337,False
CD274_970_990,970,990,GCAGGGAUUCUCAACCUGUGG,CCACAGGUUGAGAAUCCCUGC,57.14,-6.3,(((((.........)))))..,0.5,1.29,False
CD274_1399_1419,1399,1419,CUAUUUAUUUUGAGUCUGUGA,UCACAGACUCAAAAUAAAUAG,28.57,0.0,.....................,0.0,1.0,False
CD274_1006_1026,1006,1026,GGGCUGAGCGUGACAAGAGGA,UCCUCUUGUCACGCUCAGCCC,61.9,0.0,.....................,0.0,1.0,False
CD274_2359_2379,2359,2379,GUCUUUUCUAUUUAAAUGCCA,UGGCAUUUAAAUAGAAAAGAC,28.57,0.0,.....................,0.0,1.0,False
CD274_2269_2289,2269,2289,CCUUUUCUAGCAUUAUAUUUA,UAAAUAUAAUGCUAGAAAAGG,23.81,0.0,.....................,0.0,1.0,False
CD274_1024_1044,1024,1044,GGAAGGAAUGGGCCCGUGGGA,UCCCACGGGCCCAUUCCUUCC,66.67,-0.2,....((......)).......,0.0,0.993,False
CD274_1036_1056,1036,1056,CCCGUGGGAUGCAGGCAAUGU,ACAUUGCCUGCAUCCCACGGG,61.9,-0.9,.((.((.....))))......,0.0,0.97,False
CD274_1909_1929,1909,1929,AGCUAUAUUUUACUUUAAGCA,UGCUUAAAGUAAAAUAUAGCU,23.81,-1.1,.(((.((........))))).,0.0,0.963,False
CD274_2119_2139,2119,2139,GAAAACCCGAGCAGUGUUGCC,GGCAACACUGCUCGGGUUUUC,57.14,-1.4,..........(((....))).,0.0,0.953,False
CD274_2155_2175,2155,2175,GCCAAUGUGGUCUGGGACGGU,ACCGUCCCAGACCACAUUGGC,61.9,-1.8,.(((........)))......,0.0,0.94,False
CD274_25_45,25,45,CCGCACCAGCCGCGCUUCUGU,ACAGAAGCGCGGCUGGUGCGG,71.43,-2.0,.(((.......))).......,0.0,0.933,False
CD274_34_54,34,54,CCGCGCUUCUGUCCGCCUGCA,UGCAGGCGGACAGAAGCGCGG,71.43,-2.1,..(((........))).....,0.0,0.93,False
CD274_550_570,550,570,CCCAAGGCCGAAGUCAUCUGG,CCAGAUGACUUCGGCCUUGGG,61.9,-2.1,.(((.(((....)))...))),0.0,0.93,False
CD274_532_552,532,552,UGUCAGGCUGAGGGCUACCCC,GGGGUAGCCCUCAGCCUGACA,66.67,-2.2,.....((((...)))).....,0.0,0.927,False
CD274_37_57,37,57,CGCUUCUGUCCGCCUGCAGGG,CCCUGCAGGCGGACAGAAGCG,71.43,-3.3,....(((((......))))).,0.0,0.89,False
CD274_997_1017,997,1017,GGUUCAUCGGGGCUGAGCGUG,CACGCUCAGCCCCGAUGAACC,66.67,-3.5,.(((((.......)))))...,0.0,0.883,False
CD274_7_27,7,27,GCGCAGCUUCCCGAGGCUCCG,CGGAGCCUCGGGAAGCUGCGC,76.19,-4.2,.((.(((((....))))).)),0.0,0.86,False
CD274_16_36,16,36,CCCGAGGCUCCGCACCAGCCG,CGGCUGGUGCGGAGCCUCGGG,80.95,-4.3,.....((((.......)))).,0.0,0.857,False
CD274_1090_1110,1090,1110,CCUGGCGAAAGCAGAGGAGGA,UCCUCCUCUGCUUUCGCCAGG,61.9,-4.7,(((.((....))..)))....,0.0,0.843,False
CD274_2107_2127,2107,2127,AUGAUGCGAGGGGAAAACCCG,CGGGUUUUCCCCUCGCAUCAU,57.14,-4.8,.........(((.....))).,0.0,0.84,False
CD274_424_444,424,444,GGUGGUGCCGACUACAAGCGA,UCGCUUGUAGUCGGCACCACC,61.9,-4.8,.(((((....)))))......,0.0,0.84,False
CD274_544_564,544,564,GGCUACCCCAAGGCCGAAGUC,GACUUCGGCCUUGGGGUAGCC,66.67,-5.0,((((.......))))......,0.0,0.833,False
CD274_1933_1953,1933,1953,CUUUUAUUCAAAAACCAUUUA,UAAAUGGUUUUUGAAUAAAAG,19.05,0.0,.....................,-0.5,0.5,False
CD274_2380_2400,2380,2400,CUAAAUUUUAAAUUCAUACCU,AGGUAUGAAUUUAAAAUUUAG,19.05,0.0,.....................,-0.5,0.5,False
CD274_388_408,388,408,CAGGAUGCAGGGGUGUACCGC,GCGGUACACCCCUGCAUCCUG,66.67,-4.2,..((.((((....))))))..,-0.5,0.36,False
CD274_2113_2133,2113,2133,CGAGGGGAAAACCCGAGCAGU,ACUGCUCGGGUUUUCCCCUCG,61.9,-4.8,...(((.....))).......,-0.5,0.34,False
CD274_2116_2136,2116,2136,GGGGAAAACCCGAGCAGUGUU,AACACUGCUCGGGUUUUCCCC,57.14,-5.1,(((.....)))..........,-0.5,0.33,False
CD274_1174_1194,1174,1194,GAGGGGCUCAUCGACGCCUGU,ACAGGCGUCGAUGAGCCCCUC,66.67,-5.3,.(.((((........)))).),-0.5,0.323,False
CD274_391_411,391,411,GAUGCAGGGGUGUACCGCUGC,GCAGCGGUACACCCCUGCAUC,66.67,-8.6,...((((.((....)).)))),-0.5,0.213,False
CD274_1171_1191,1171,1191,CCUGAGGGGCUCAUCGACGCC,GGCGUCGAUGAGCCCCUCAGG,71.43,-2.6,.......(((........))),-1.0,-0.087,False
CD274_538_558,538,558,GCUGAGGGCUACCCCAAGGCC,GGCCUUGGGGUAGCCCUCAGC,71.43,-7.4,(((..(((....)))..))).,-1.0,-0.247,False
